0 verbose cli /Users/nryn6563/.nvm/versions/node/v24.13.0/bin/node /Users/nryn6563/.nvm/versions/node/v24.13.0/bin/npm
1 info using npm@11.6.2
2 info using node@v24.13.0
3 silly config load:file:/Users/nryn6563/.nvm/versions/node/v24.13.0/lib/node_modules/npm/npmrc
4 silly config load:file:/Users/nryn6563/ThinkPool_Project/Nuxt_v2_Project/.npmrc
5 silly config load:file:/Users/nryn6563/.npmrc
6 silly config load:file:/Users/nryn6563/.nvm/versions/node/v24.13.0/etc/npmrc
7 verbose title npm install eslint-plugin-nuxt
8 verbose argv "install" "eslint-plugin-nuxt" "--save-dev" "--cache" "./.npm-cache"
9 verbose logfile logs-max:10 dir:/Users/nryn6563/ThinkPool_Project/Nuxt_v2_Project/.npm-cache/_logs/2026-02-04T01_57_26_568Z-
10 verbose logfile /Users/nryn6563/ThinkPool_Project/Nuxt_v2_Project/.npm-cache/_logs/2026-02-04T01_57_26_568Z-debug-0.log
11 silly logfile done cleaning log files
12 silly packumentCache heap:4496293888 maxSize:1124073472 maxEntrySize:562036736
13 silly idealTree buildDeps
14 silly fetch manifest eslint-plugin-nuxt@*
15 silly packumentCache full:https://registry.npmjs.org/eslint-plugin-nuxt cache-miss
16 http fetch GET 200 https://registry.npmjs.org/eslint-plugin-nuxt 394ms (cache miss)
17 silly packumentCache full:https://registry.npmjs.org/eslint-plugin-nuxt set size:undefined disposed:false
18 silly placeDep ROOT eslint-plugin-nuxt@4.0.0 OK for: nuxt-v2-project@1.0.0 want: *
19 silly fetch manifest eslint-plugin-vue@^9.4.0
20 silly packumentCache full:https://registry.npmjs.org/eslint-plugin-vue cache-miss
21 silly fetch manifest semver@^7.3.7
22 silly packumentCache full:https://registry.npmjs.org/semver cache-miss
23 silly fetch manifest vue-eslint-parser@^9.0.3
24 silly packumentCache full:https://registry.npmjs.org/vue-eslint-parser cache-miss
25 http cache https://registry.npmjs.org/semver 15ms (cache hit)
26 silly packumentCache full:https://registry.npmjs.org/semver set size:226907 disposed:false
27 http cache https://registry.npmjs.org/vue-eslint-parser 22ms (cache hit)
28 silly packumentCache full:https://registry.npmjs.org/vue-eslint-parser set size:400305 disposed:false
29 http cache https://registry.npmjs.org/eslint-plugin-vue 25ms (cache hit)
30 silly packumentCache full:https://registry.npmjs.org/eslint-plugin-vue set size:703108 disposed:false
31 silly fetch manifest eslint@^7.12.1
32 silly packumentCache full:https://registry.npmjs.org/eslint cache-miss
33 http cache https://registry.npmjs.org/eslint 22ms (cache hit)
34 silly packumentCache full:https://registry.npmjs.org/eslint set size:1900626 disposed:false
35 warn ERESOLVE overriding peer dependency {
35 warn ERESOLVE   code: 'ERESOLVE',
35 warn ERESOLVE   edge: {
35 warn ERESOLVE     type: 'peer',
35 warn ERESOLVE     name: 'eslint',
35 warn ERESOLVE     spec: '^7.12.1',
35 warn ERESOLVE     error: 'INVALID',
35 warn ERESOLVE     from: {
35 warn ERESOLVE       name: 'eslint-config-standard',
35 warn ERESOLVE       version: '16.0.3',
35 warn ERESOLVE       location: 'node_modules/eslint-config-standard',
35 warn ERESOLVE       isWorkspace: false,
35 warn ERESOLVE       dependents: [Array]
35 warn ERESOLVE     }
35 warn ERESOLVE   },
35 warn ERESOLVE   dep: {
35 warn ERESOLVE     name: 'eslint',
35 warn ERESOLVE     version: '7.32.0',
35 warn ERESOLVE     whileInstalling: {
35 warn ERESOLVE       name: 'eslint-config-standard',
35 warn ERESOLVE       version: '16.0.3',
35 warn ERESOLVE       path: '/Users/nryn6563/ThinkPool_Project/Nuxt_v2_Project/node_modules/eslint-config-standard'
35 warn ERESOLVE     },
35 warn ERESOLVE     location: 'node_modules/eslint',
35 warn ERESOLVE     isWorkspace: false,
35 warn ERESOLVE     dependents: [ [Object] ]
35 warn ERESOLVE   },
35 warn ERESOLVE   force: false,
35 warn ERESOLVE   isMine: false,
35 warn ERESOLVE   strictPeerDeps: false,
35 warn ERESOLVE   current: {
35 warn ERESOLVE     name: 'eslint',
35 warn ERESOLVE     version: '8.57.1',
35 warn ERESOLVE     location: 'node_modules/eslint',
35 warn ERESOLVE     isWorkspace: false,
35 warn ERESOLVE     dependents: [
35 warn ERESOLVE       [Object], [Object], [Object],
35 warn ERESOLVE       [Object], [Object], [Object],
35 warn ERESOLVE       [Object], [Object], [Object],
35 warn ERESOLVE       [Object], [Object], [Object],
35 warn ERESOLVE       [Object], [Object], [Object],
35 warn ERESOLVE       [Object], [Object], [Object],
35 warn ERESOLVE       [Object]
35 warn ERESOLVE     ]
35 warn ERESOLVE   },
35 warn ERESOLVE   peerConflict: {
35 warn ERESOLVE     current: {
35 warn ERESOLVE       name: 'eslint',
35 warn ERESOLVE       version: '8.57.1',
35 warn ERESOLVE       location: 'node_modules/eslint',
35 warn ERESOLVE       isWorkspace: false,
35 warn ERESOLVE       dependents: [Array]
35 warn ERESOLVE     },
35 warn ERESOLVE     peer: {
35 warn ERESOLVE       name: 'eslint',
35 warn ERESOLVE       version: '7.32.0',
35 warn ERESOLVE       whileInstalling: [Object],
35 warn ERESOLVE       location: 'node_modules/eslint',
35 warn ERESOLVE       isWorkspace: false,
35 warn ERESOLVE       dependents: [Array]
35 warn ERESOLVE     }
35 warn ERESOLVE   }
35 warn ERESOLVE }
36 silly fetch manifest eslint@^6.2.0 || ^7.0.0 || ^8.0.0 || ^9.0.0
37 silly packumentCache full:https://registry.npmjs.org/eslint cache-miss
38 http cache https://registry.npmjs.org/eslint 11ms (cache hit)
39 silly packumentCache full:https://registry.npmjs.org/eslint set size:1900626 disposed:false
40 silly fetch manifest jiti@*
41 silly packumentCache full:https://registry.npmjs.org/jiti cache-miss
42 http cache https://registry.npmjs.org/jiti 17ms (cache hit)
43 silly packumentCache full:https://registry.npmjs.org/jiti set size:382310 disposed:false
44 silly fetch manifest eslint@>=6.0.0
45 silly packumentCache full:https://registry.npmjs.org/eslint cache-miss
46 http cache https://registry.npmjs.org/eslint 5ms (cache hit)
47 silly packumentCache full:https://registry.npmjs.org/eslint set size:1900626 disposed:false
48 silly placeDep node_modules/eslint-plugin-nuxt eslint-plugin-vue@9.33.0 OK for: eslint-plugin-nuxt@4.0.0 want: ^9.4.0
49 silly placeDep node_modules/eslint-plugin-nuxt semver@7.7.3 OK for: eslint-plugin-nuxt@4.0.0 want: ^7.3.7
50 silly placeDep node_modules/eslint-plugin-nuxt vue-eslint-parser@9.4.3 OK for: eslint-plugin-nuxt@4.0.0 want: ^9.0.3
51 silly fetch manifest semver@^7.6.3
52 silly packumentCache full:https://registry.npmjs.org/semver cache-hit
53 silly fetch manifest vue-eslint-parser@^9.4.3
54 silly packumentCache full:https://registry.npmjs.org/vue-eslint-parser cache-hit
55 silly fetch manifest xml-name-validator@^4.0.0
56 silly packumentCache full:https://registry.npmjs.org/xml-name-validator cache-miss
57 silly fetch manifest eslint-visitor-keys@^3.3.0
58 silly packumentCache full:https://registry.npmjs.org/eslint-visitor-keys cache-miss
59 http cache https://registry.npmjs.org/eslint-visitor-keys 8ms (cache hit)
60 silly packumentCache full:https://registry.npmjs.org/eslint-visitor-keys set size:67352 disposed:false
61 http fetch GET 200 https://registry.npmjs.org/xml-name-validator 21ms (cache miss)
62 silly packumentCache full:https://registry.npmjs.org/xml-name-validator set size:undefined disposed:false
63 silly fetch manifest eslint@^7.0.0
64 silly packumentCache full:https://registry.npmjs.org/eslint cache-miss
65 http cache https://registry.npmjs.org/eslint 5ms (cache hit)
66 silly packumentCache full:https://registry.npmjs.org/eslint set size:1900626 disposed:false
67 warn ERESOLVE overriding peer dependency {
67 warn ERESOLVE   code: 'ERESOLVE',
67 warn ERESOLVE   edge: {
67 warn ERESOLVE     type: 'peer',
67 warn ERESOLVE     name: 'eslint',
67 warn ERESOLVE     spec: '^7.0.0',
67 warn ERESOLVE     error: 'INVALID',
67 warn ERESOLVE     from: {
67 warn ERESOLVE       name: 'eslint-plugin-promise',
67 warn ERESOLVE       version: '5.2.0',
67 warn ERESOLVE       location: 'node_modules/eslint-plugin-promise',
67 warn ERESOLVE       isWorkspace: false,
67 warn ERESOLVE       dependents: [Array]
67 warn ERESOLVE     }
67 warn ERESOLVE   },
67 warn ERESOLVE   dep: {
67 warn ERESOLVE     name: 'eslint',
67 warn ERESOLVE     version: '7.32.0',
67 warn ERESOLVE     whileInstalling: {
67 warn ERESOLVE       name: 'eslint-plugin-promise',
67 warn ERESOLVE       version: '5.2.0',
67 warn ERESOLVE       path: '/Users/nryn6563/ThinkPool_Project/Nuxt_v2_Project/node_modules/eslint-plugin-promise'
67 warn ERESOLVE     },
67 warn ERESOLVE     location: 'node_modules/eslint',
67 warn ERESOLVE     isWorkspace: false,
67 warn ERESOLVE     dependents: [ [Object] ]
67 warn ERESOLVE   },
67 warn ERESOLVE   force: false,
67 warn ERESOLVE   isMine: false,
67 warn ERESOLVE   strictPeerDeps: false,
67 warn ERESOLVE   current: {
67 warn ERESOLVE     name: 'eslint',
67 warn ERESOLVE     version: '8.57.1',
67 warn ERESOLVE     location: 'node_modules/eslint',
67 warn ERESOLVE     isWorkspace: false,
67 warn ERESOLVE     dependents: [
67 warn ERESOLVE       [Object], [Object], [Object],
67 warn ERESOLVE       [Object], [Object], [Object],
67 warn ERESOLVE       [Object], [Object], [Object],
67 warn ERESOLVE       [Object], [Object], [Object],
67 warn ERESOLVE       [Object], [Object], [Object],
67 warn ERESOLVE       [Object], [Object], [Object],
67 warn ERESOLVE       [Object]
67 warn ERESOLVE     ]
67 warn ERESOLVE   },
67 warn ERESOLVE   peerConflict: {
67 warn ERESOLVE     current: {
67 warn ERESOLVE       name: 'eslint',
67 warn ERESOLVE       version: '8.57.1',
67 warn ERESOLVE       location: 'node_modules/eslint',
67 warn ERESOLVE       isWorkspace: false,
67 warn ERESOLVE       dependents: [Array]
67 warn ERESOLVE     },
67 warn ERESOLVE     peer: {
67 warn ERESOLVE       name: 'eslint',
67 warn ERESOLVE       version: '7.32.0',
67 warn ERESOLVE       whileInstalling: [Object],
67 warn ERESOLVE       location: 'node_modules/eslint',
67 warn ERESOLVE       isWorkspace: false,
67 warn ERESOLVE       dependents: [Array]
67 warn ERESOLVE     }
67 warn ERESOLVE   }
67 warn ERESOLVE }
68 silly fetch manifest yaml@^2.4.2
69 silly packumentCache full:https://registry.npmjs.org/yaml cache-miss
70 http cache https://registry.npmjs.org/yaml 15ms (cache hit)
71 silly packumentCache full:https://registry.npmjs.org/yaml set size:364997 disposed:false
72 silly placeDep ROOT yaml@2.8.2 REPLACE for: postcss-load-config@6.0.1 want: ^2.4.2
73 silly placeDep ROOT xml-name-validator@4.0.0 OK for: eslint-plugin-vue@9.33.0 want: ^4.0.0
74 silly placeDep node_modules/eslint-plugin-nuxt eslint-visitor-keys@3.4.3 OK for: vue-eslint-parser@9.4.3 want: ^3.3.0
75 silly fetch manifest yaml@^1.10.0
76 silly packumentCache full:https://registry.npmjs.org/yaml cache-hit
77 silly placeDep node_modules/postcss-loader yaml@1.10.2 OK for: cosmiconfig@7.1.0 want: ^1.10.0
78 warn EBADENGINE Unsupported engine {
78 warn EBADENGINE   package: 'nuxt-v2-project@1.0.0',
78 warn EBADENGINE   required: { node: '18.20.8' },
78 warn EBADENGINE   current: { node: 'v24.13.0', npm: '11.6.2' }
78 warn EBADENGINE }
79 silly reify mark retired [
79 silly reify   '/Users/nryn6563/ThinkPool_Project/Nuxt_v2_Project/node_modules/yaml'
79 silly reify ]
80 silly reify moves {
80 silly reify   '/Users/nryn6563/ThinkPool_Project/Nuxt_v2_Project/node_modules/yaml': '/Users/nryn6563/ThinkPool_Project/Nuxt_v2_Project/node_modules/.yaml-TtfxNBb1'
80 silly reify }
81 silly audit bulk request {
81 silly audit   '@alloc/quick-lru': [ '5.2.0' ],
81 silly audit   '@babel/code-frame': [ '7.29.0' ],
81 silly audit   '@babel/compat-data': [ '7.29.0' ],
81 silly audit   '@babel/core': [ '7.29.0' ],
81 silly audit   '@babel/eslint-parser': [ '7.28.6' ],
81 silly audit   'eslint-visitor-keys': [ '2.1.0', '3.4.3', '1.3.0' ],
81 silly audit   '@babel/generator': [ '7.29.0' ],
81 silly audit   '@babel/helper-annotate-as-pure': [ '7.27.3' ],
81 silly audit   '@babel/helper-compilation-targets': [ '7.28.6' ],
81 silly audit   '@babel/helper-create-class-features-plugin': [ '7.28.6' ],
81 silly audit   '@babel/helper-create-regexp-features-plugin': [ '7.28.5' ],
81 silly audit   '@babel/helper-define-polyfill-provider': [ '0.6.6' ],
81 silly audit   '@babel/helper-globals': [ '7.28.0' ],
81 silly audit   '@babel/helper-member-expression-to-functions': [ '7.28.5' ],
81 silly audit   '@babel/helper-module-imports': [ '7.28.6' ],
81 silly audit   '@babel/helper-module-transforms': [ '7.28.6' ],
81 silly audit   '@babel/helper-optimise-call-expression': [ '7.27.1' ],
81 silly audit   '@babel/helper-plugin-utils': [ '7.28.6' ],
81 silly audit   '@babel/helper-remap-async-to-generator': [ '7.27.1' ],
81 silly audit   '@babel/helper-replace-supers': [ '7.28.6' ],
81 silly audit   '@babel/helper-skip-transparent-expression-wrappers': [ '7.27.1' ],
81 silly audit   '@babel/helper-string-parser': [ '7.27.1' ],
81 silly audit   '@babel/helper-validator-identifier': [ '7.28.5' ],
81 silly audit   '@babel/helper-validator-option': [ '7.27.1' ],
81 silly audit   '@babel/helper-wrap-function': [ '7.28.6' ],
81 silly audit   '@babel/helpers': [ '7.28.6' ],
81 silly audit   '@babel/parser': [ '7.29.0' ],
81 silly audit   '@babel/plugin-bugfix-firefox-class-in-computed-class-key': [ '7.28.5' ],
81 silly audit   '@babel/plugin-bugfix-safari-class-field-initializer-scope': [ '7.27.1' ],
81 silly audit   '@babel/plugin-bugfix-safari-id-destructuring-collision-in-function-expression': [ '7.27.1' ],
81 silly audit   '@babel/plugin-bugfix-v8-spread-parameters-in-optional-chaining': [ '7.27.1' ],
81 silly audit   '@babel/plugin-bugfix-v8-static-class-fields-redefine-readonly': [ '7.28.6' ],
81 silly audit   '@babel/plugin-proposal-class-properties': [ '7.18.6' ],
81 silly audit   '@babel/plugin-proposal-decorators': [ '7.29.0' ],
81 silly audit   '@babel/plugin-proposal-nullish-coalescing-operator': [ '7.18.6' ],
81 silly audit   '@babel/plugin-proposal-optional-chaining': [ '7.21.0' ],
81 silly audit   '@babel/plugin-proposal-private-methods': [ '7.18.6' ],
81 silly audit   '@babel/plugin-proposal-private-property-in-object': [ '7.21.11', '7.21.0-placeholder-for-preset-env.2' ],
81 silly audit   '@babel/plugin-syntax-decorators': [ '7.28.6' ],
81 silly audit   '@babel/plugin-syntax-import-assertions': [ '7.28.6' ],
81 silly audit   '@babel/plugin-syntax-import-attributes': [ '7.28.6' ],
81 silly audit   '@babel/plugin-syntax-jsx': [ '7.28.6' ],
81 silly audit   '@babel/plugin-syntax-nullish-coalescing-operator': [ '7.8.3' ],
81 silly audit   '@babel/plugin-syntax-optional-chaining': [ '7.8.3' ],
81 silly audit   '@babel/plugin-syntax-private-property-in-object': [ '7.14.5' ],
81 silly audit   '@babel/plugin-syntax-unicode-sets-regex': [ '7.18.6' ],
81 silly audit   '@babel/plugin-transform-arrow-functions': [ '7.27.1' ],
81 silly audit   '@babel/plugin-transform-async-generator-functions': [ '7.29.0' ],
81 silly audit   '@babel/plugin-transform-async-to-generator': [ '7.28.6' ],
81 silly audit   '@babel/plugin-transform-block-scoped-functions': [ '7.27.1' ],
81 silly audit   '@babel/plugin-transform-block-scoping': [ '7.28.6' ],
81 silly audit   '@babel/plugin-transform-class-properties': [ '7.28.6' ],
81 silly audit   '@babel/plugin-transform-class-static-block': [ '7.28.6' ],
81 silly audit   '@babel/plugin-transform-classes': [ '7.28.6' ],
81 silly audit   '@babel/plugin-transform-computed-properties': [ '7.28.6' ],
81 silly audit   '@babel/plugin-transform-destructuring': [ '7.28.5' ],
81 silly audit   '@babel/plugin-transform-dotall-regex': [ '7.28.6' ],
81 silly audit   '@babel/plugin-transform-duplicate-keys': [ '7.27.1' ],
81 silly audit   '@babel/plugin-transform-duplicate-named-capturing-groups-regex': [ '7.29.0' ],
81 silly audit   '@babel/plugin-transform-dynamic-import': [ '7.27.1' ],
81 silly audit   '@babel/plugin-transform-explicit-resource-management': [ '7.28.6' ],
81 silly audit   '@babel/plugin-transform-exponentiation-operator': [ '7.28.6' ],
81 silly audit   '@babel/plugin-transform-export-namespace-from': [ '7.27.1' ],
81 silly audit   '@babel/plugin-transform-for-of': [ '7.27.1' ],
81 silly audit   '@babel/plugin-transform-function-name': [ '7.27.1' ],
81 silly audit   '@babel/plugin-transform-json-strings': [ '7.28.6' ],
81 silly audit   '@babel/plugin-transform-literals': [ '7.27.1' ],
81 silly audit   '@babel/plugin-transform-logical-assignment-operators': [ '7.28.6' ],
81 silly audit   '@babel/plugin-transform-member-expression-literals': [ '7.27.1' ],
81 silly audit   '@babel/plugin-transform-modules-amd': [ '7.27.1' ],
81 silly audit   '@babel/plugin-transform-modules-commonjs': [ '7.28.6' ],
81 silly audit   '@babel/plugin-transform-modules-systemjs': [ '7.29.0' ],
81 silly audit   '@babel/plugin-transform-modules-umd': [ '7.27.1' ],
81 silly audit   '@babel/plugin-transform-named-capturing-groups-regex': [ '7.29.0' ],
81 silly audit   '@babel/plugin-transform-new-target': [ '7.27.1' ],
81 silly audit   '@babel/plugin-transform-nullish-coalescing-operator': [ '7.28.6' ],
81 silly audit   '@babel/plugin-transform-numeric-separator': [ '7.28.6' ],
81 silly audit   '@babel/plugin-transform-object-rest-spread': [ '7.28.6' ],
81 silly audit   '@babel/plugin-transform-object-super': [ '7.27.1' ],
81 silly audit   '@babel/plugin-transform-optional-catch-binding': [ '7.28.6' ],
81 silly audit   '@babel/plugin-transform-optional-chaining': [ '7.28.6' ],
81 silly audit   '@babel/plugin-transform-parameters': [ '7.27.7' ],
81 silly audit   '@babel/plugin-transform-private-methods': [ '7.28.6' ],
81 silly audit   '@babel/plugin-transform-private-property-in-object': [ '7.28.6' ],
81 silly audit   '@babel/plugin-transform-property-literals': [ '7.27.1' ],
81 silly audit   '@babel/plugin-transform-regenerator': [ '7.29.0' ],
81 silly audit   '@babel/plugin-transform-regexp-modifiers': [ '7.28.6' ],
81 silly audit   '@babel/plugin-transform-reserved-words': [ '7.27.1' ],
81 silly audit   '@babel/plugin-transform-runtime': [ '7.29.0' ],
81 silly audit   '@babel/plugin-transform-shorthand-properties': [ '7.27.1' ],
81 silly audit   '@babel/plugin-transform-spread': [ '7.28.6' ],
81 silly audit   '@babel/plugin-transform-sticky-regex': [ '7.27.1' ],
81 silly audit   '@babel/plugin-transform-template-literals': [ '7.27.1' ],
81 silly audit   '@babel/plugin-transform-typeof-symbol': [ '7.27.1' ],
81 silly audit   '@babel/plugin-transform-unicode-escapes': [ '7.27.1' ],
81 silly audit   '@babel/plugin-transform-unicode-property-regex': [ '7.28.6' ],
81 silly audit   '@babel/plugin-transform-unicode-regex': [ '7.27.1' ],
81 silly audit   '@babel/plugin-transform-unicode-sets-regex': [ '7.28.6' ],
81 silly audit   '@babel/preset-env': [ '7.29.0' ],
81 silly audit   'babel-plugin-polyfill-corejs3': [ '0.14.0', '0.13.0' ],
81 silly audit   '@babel/preset-modules': [ '0.1.6-no-external-plugins' ],
81 silly audit   '@babel/runtime': [ '7.28.6' ],
81 silly audit   '@babel/template': [ '7.28.6' ],
81 silly audit   '@babel/traverse': [ '7.29.0' ],
81 silly audit   '@babel/types': [ '7.29.0' ],
81 silly audit   '@csstools/convert-colors': [ '1.4.0' ],
81 silly audit   '@discoveryjs/json-ext': [ '0.5.7' ],
81 silly audit   '@eslint-community/eslint-utils': [ '4.9.1' ],
81 silly audit   '@eslint-community/regexpp': [ '4.12.2' ],
81 silly audit   '@eslint/eslintrc': [ '2.1.4' ],
81 silly audit   '@eslint/js': [ '8.57.1' ],
81 silly audit   '@gar/promisify': [ '1.1.3' ],
81 silly audit   '@humanwhocodes/config-array': [ '0.13.0' ],
81 silly audit   '@humanwhocodes/module-importer': [ '1.0.1' ],
81 silly audit   '@humanwhocodes/object-schema': [ '2.0.3' ],
81 silly audit   '@jridgewell/gen-mapping': [ '0.3.13' ],
81 silly audit   '@jridgewell/remapping': [ '2.3.5' ],
81 silly audit   '@jridgewell/resolve-uri': [ '3.1.2' ],
81 silly audit   '@jridgewell/source-map': [ '0.3.11' ],
81 silly audit   '@jridgewell/sourcemap-codec': [ '1.5.5' ],
81 silly audit   '@jridgewell/trace-mapping': [ '0.3.31' ],
81 silly audit   '@nicolo-ribaudo/eslint-scope-5-internals': [ '5.1.1-v1' ],
81 silly audit   'eslint-scope': [ '5.1.1', '7.2.2', '4.0.3' ],
81 silly audit   estraverse: [ '4.3.0', '5.3.0' ],
81 silly audit   '@nodelib/fs.scandir': [ '2.1.5' ],
81 silly audit   '@nodelib/fs.stat': [ '2.0.5' ],
81 silly audit   '@nodelib/fs.walk': [ '1.2.8' ],
81 silly audit   '@npmcli/fs': [ '1.1.1' ],
81 silly audit   semver: [ '7.7.3', '5.7.2', '6.3.1' ],
81 silly audit   '@npmcli/move-file': [ '1.1.2' ],
81 silly audit   mkdirp: [ '1.0.4', '0.5.6' ],
81 silly audit   '@nuxt/babel-preset-app': [ '2.15.8' ],
81 silly audit   '@nuxt/builder': [ '2.15.8' ],
81 silly audit   '@nuxt/cli': [ '2.15.8' ],
81 silly audit   defu: [ '4.0.1', '5.0.1', '6.1.4', '3.2.2' ],
81 silly audit   '@nuxt/components': [ '2.2.1' ],
81 silly audit   '@nuxt/config': [ '2.15.8' ],
81 silly audit   '@nuxt/core': [ '2.15.8' ],
81 silly audit   '@nuxt/devalue': [ '1.2.5' ],
81 silly audit   '@nuxt/friendly-errors-webpack-plugin': [ '2.6.0' ],
81 silly audit   'ansi-styles': [ '3.2.1', '4.3.0' ],
81 silly audit   chalk: [ '2.4.2', '4.1.2' ],
81 silly audit   'color-convert': [ '1.9.3', '2.0.1' ],
81 silly audit   'color-name': [ '1.1.3', '1.1.4' ],
81 silly audit   consola: [ '3.4.2', '2.15.3' ],
81 silly audit   'escape-string-regexp': [ '1.0.5', '4.0.0' ],
81 silly audit   'has-flag': [ '3.0.0', '4.0.0' ],
81 silly audit   'supports-color': [ '5.5.0', '8.1.1', '7.2.0' ],
81 silly audit   '@nuxt/generator': [ '2.15.8' ],
81 silly audit   '@nuxt/loading-screen': [ '2.0.4' ],
81 silly audit   '@nuxt/opencollective': [ '0.3.3' ],
81 silly audit   '@nuxt/postcss8': [ '1.1.3' ],
81 silly audit   '@nuxt/server': [ '2.15.8' ],
81 silly audit   '@nuxt/telemetry': [ '1.5.0' ],
81 silly audit   destr: [ '2.0.5', '1.2.2' ],
81 silly audit   'fs-extra': [ '8.1.0', '9.1.0' ],
81 silly audit   jsonfile: [ '4.0.0', '6.2.0' ],
81 silly audit   rc9: [ '2.1.2', '1.2.4' ],
81 silly audit   'std-env': [ '3.10.0', '2.3.1' ],
81 silly audit   universalify: [ '0.1.2', '2.0.1' ],
81 silly audit   '@nuxt/utils': [ '2.15.8' ],
81 silly audit   '@nuxt/vue-app': [ '2.15.8' ],
81 silly audit   '@nuxt/vue-renderer': [ '2.15.8' ],
81 silly audit   '@nuxt/webpack': [ '2.15.8' ],
81 silly audit   camelcase: [ '6.3.0', '5.3.1' ],
81 silly audit   'css-loader': [ '4.3.0', '5.2.7' ],
81 silly audit   'icss-utils': [ '4.1.1', '5.1.0' ],
81 silly audit   json5: [ '1.0.2', '2.2.3' ],
81 silly audit   picocolors: [ '0.2.1', '1.1.1' ],
81 silly audit   postcss: [ '7.0.39', '8.5.6' ],
81 silly audit   'postcss-import': [ '12.0.1', '13.0.0', '15.1.0' ],
81 silly audit   'postcss-value-parser': [ '3.3.1', '4.2.0' ],
81 silly audit   'postcss-load-config': [ '2.1.2', '6.0.1' ],
81 silly audit   'postcss-loader': [ '3.0.0', '4.3.0' ],
81 silly audit   'loader-utils': [ '1.4.2', '2.0.4' ],
81 silly audit   'schema-utils': [ '1.0.0', '2.7.1', '3.3.0' ],
81 silly audit   'postcss-modules-extract-imports': [ '2.0.0', '3.1.0' ],
81 silly audit   'postcss-modules-local-by-default': [ '3.0.3', '4.2.0' ],
81 silly audit   'postcss-modules-scope': [ '2.2.0', '3.2.1' ],
81 silly audit   'postcss-modules-values': [ '3.0.0', '4.0.0' ],
81 silly audit   'postcss-url': [ '8.0.0', '10.1.3' ],
81 silly audit   '@nuxtjs/eslint-config': [ '8.0.0' ],
81 silly audit   '@nuxtjs/eslint-module': [ '3.1.0' ],
81 silly audit   '@nuxtjs/youch': [ '4.2.3' ],
81 silly audit   '@polka/url': [ '1.0.0-next.29' ],
81 silly audit   '@rtsao/scc': [ '1.1.0' ],
81 silly audit   '@types/eslint': [ '7.29.0' ],
81 silly audit   '@types/estree': [ '1.0.8' ],
81 silly audit   '@types/html-minifier-terser': [ '5.1.2' ],
81 silly audit   '@types/json-schema': [ '7.0.15' ],
81 silly audit   '@types/json5': [ '0.0.29' ],
81 silly audit   '@types/node': [ '25.2.0' ],
81 silly audit   '@types/normalize-package-data': [ '2.4.4' ],
81 silly audit   '@types/parse-json': [ '4.0.2' ],
81 silly audit   '@types/q': [ '1.5.8' ],
81 silly audit   '@types/semver': [ '7.7.1' ],
81 silly audit   '@types/source-list-map': [ '0.1.6' ],
81 silly audit   '@types/tapable': [ '1.0.12' ],
81 silly audit   '@types/uglify-js': [ '3.17.5' ],
81 silly audit   '@types/webpack': [ '4.41.40' ],
81 silly audit   '@types/webpack-sources': [ '3.2.3' ],
81 silly audit   'source-map': [ '0.7.6', '0.5.7', '0.6.1', '0.5.6' ],
81 silly audit   '@typescript-eslint/experimental-utils': [ '5.62.0' ],
81 silly audit   '@typescript-eslint/scope-manager': [ '5.62.0' ],
81 silly audit   '@typescript-eslint/types': [ '5.62.0' ],
81 silly audit   '@typescript-eslint/typescript-estree': [ '5.62.0' ],
81 silly audit   '@typescript-eslint/utils': [ '5.62.0' ],
81 silly audit   '@typescript-eslint/visitor-keys': [ '5.62.0' ],
81 silly audit   '@ungap/structured-clone': [ '1.3.0' ],
81 silly audit   '@vue/babel-helper-vue-jsx-merge-props': [ '1.4.0' ],
81 silly audit   '@vue/babel-plugin-transform-vue-jsx': [ '1.4.0' ],
81 silly audit   '@vue/babel-preset-jsx': [ '1.4.0' ],
81 silly audit   '@vue/babel-sugar-composition-api-inject-h': [ '1.4.0' ],
81 silly audit   '@vue/babel-sugar-composition-api-render-instance': [ '1.4.0' ],
81 silly audit   '@vue/babel-sugar-functional-vue': [ '1.4.0' ],
81 silly audit   '@vue/babel-sugar-inject-h': [ '1.4.0' ],
81 silly audit   '@vue/babel-sugar-v-model': [ '1.4.0' ],
81 silly audit   '@vue/babel-sugar-v-on': [ '1.4.0' ],
81 silly audit   '@vue/compiler-sfc': [ '2.7.16' ],
81 silly audit   '@vue/component-compiler-utils': [ '3.3.0' ],
81 silly audit   'hash-sum': [ '1.0.2', '2.0.0' ],
81 silly audit   'lru-cache': [ '4.1.5', '6.0.0', '5.1.1' ],
81 silly audit   yallist: [ '2.1.2', '4.0.0', '3.1.1' ],
81 silly audit   '@webassemblyjs/ast': [ '1.9.0' ],
81 silly audit   '@webassemblyjs/floating-point-hex-parser': [ '1.9.0' ],
81 silly audit   '@webassemblyjs/helper-api-error': [ '1.9.0' ],
81 silly audit   '@webassemblyjs/helper-buffer': [ '1.9.0' ],
81 silly audit   '@webassemblyjs/helper-code-frame': [ '1.9.0' ],
81 silly audit   '@webassemblyjs/helper-fsm': [ '1.9.0' ],
81 silly audit   '@webassemblyjs/helper-module-context': [ '1.9.0' ],
81 silly audit   '@webassemblyjs/helper-wasm-bytecode': [ '1.9.0' ],
81 silly audit   '@webassemblyjs/helper-wasm-section': [ '1.9.0' ],
81 silly audit   '@webassemblyjs/ieee754': [ '1.9.0' ],
81 silly audit   '@webassemblyjs/leb128': [ '1.9.0' ],
81 silly audit   '@webassemblyjs/utf8': [ '1.9.0' ],
81 silly audit   '@webassemblyjs/wasm-edit': [ '1.9.0' ],
81 silly audit   '@webassemblyjs/wasm-gen': [ '1.9.0' ],
81 silly audit   '@webassemblyjs/wasm-opt': [ '1.9.0' ],
81 silly audit   '@webassemblyjs/wasm-parser': [ '1.9.0' ],
81 silly audit   '@webassemblyjs/wast-parser': [ '1.9.0' ],
81 silly audit   '@webassemblyjs/wast-printer': [ '1.9.0' ],
81 silly audit   '@xtuc/ieee754': [ '1.2.0' ],
81 silly audit   '@xtuc/long': [ '4.2.2' ],
81 silly audit   acorn: [ '8.15.0', '6.4.2' ],
81 silly audit   'acorn-jsx': [ '5.3.2' ],
81 silly audit   'acorn-walk': [ '8.3.4' ],
81 silly audit   'aggregate-error': [ '3.1.0' ],
81 silly audit   ajv: [ '6.12.6' ],
81 silly audit   'ajv-errors': [ '1.0.1' ],
81 silly audit   'ajv-keywords': [ '3.5.2' ],
81 silly audit   'alphanum-sort': [ '1.0.2' ],
81 silly audit   'ansi-align': [ '3.0.1' ],
81 silly audit   'ansi-escapes': [ '4.3.2' ],
81 silly audit   'type-fest': [ '0.21.3', '0.8.1', '0.6.0', '0.20.2' ],
81 silly audit   'ansi-html-community': [ '0.0.8' ],
81 silly audit   'ansi-regex': [ '5.0.1', '2.1.1' ],
81 silly audit   'any-promise': [ '1.3.0' ],
81 silly audit   anymatch: [ '3.1.3', '2.0.0' ],
81 silly audit   aproba: [ '1.2.0' ],
81 silly audit   arg: [ '5.0.2' ],
81 silly audit   argparse: [ '2.0.1', '1.0.10' ],
81 silly audit   'arr-diff': [ '4.0.0' ],
81 silly audit   'arr-flatten': [ '1.1.0' ],
81 silly audit   'arr-union': [ '3.1.0' ],
81 silly audit   'array-buffer-byte-length': [ '1.0.2' ],
81 silly audit   'array-includes': [ '3.1.9' ],
81 silly audit   'array-union': [ '2.1.0' ],
81 silly audit   'array-unique': [ '0.3.2' ],
81 silly audit   'array.prototype.findlastindex': [ '1.2.6' ],
81 silly audit   'array.prototype.flat': [ '1.3.3' ],
81 silly audit   'array.prototype.flatmap': [ '1.3.3' ],
81 silly audit   'array.prototype.reduce': [ '1.0.8' ],
81 silly audit   'arraybuffer.prototype.slice': [ '1.0.4' ],
81 silly audit   arrify: [ '2.0.1' ],
81 silly audit   'asn1.js': [ '4.10.1' ],
81 silly audit   'bn.js': [ '4.12.2', '5.2.2' ],
81 silly audit   assert: [ '1.5.1' ],
81 silly audit   inherits: [ '2.0.3', '2.0.4' ],
81 silly audit   util: [ '0.10.4', '0.11.1' ],
81 silly audit   'assign-symbols': [ '1.0.0' ],
81 silly audit   'async-each': [ '1.0.6' ],
81 silly audit   'async-function': [ '1.0.0' ],
81 silly audit   'at-least-node': [ '1.0.0' ],
81 silly audit   atob: [ '2.1.2' ],
81 silly audit   autoprefixer: [ '10.4.24', '9.8.8' ],
81 silly audit   'available-typed-arrays': [ '1.0.7' ],
81 silly audit   'babel-eslint': [ '10.1.0' ],
81 silly audit   'babel-loader': [ '8.4.1' ],
81 silly audit   'babel-plugin-polyfill-corejs2': [ '0.4.15' ],
81 silly audit   'babel-plugin-polyfill-regenerator': [ '0.6.6' ],
81 silly audit   'balanced-match': [ '1.0.2' ],
81 silly audit   base: [ '0.11.2' ],
81 silly audit   'define-property': [ '1.0.0', '0.2.5', '2.0.2' ],
81 silly audit   'is-descriptor': [ '1.0.3', '0.1.7' ],
81 silly audit   'base64-js': [ '1.5.1' ],
81 silly audit   'baseline-browser-mapping': [ '2.9.19' ],
81 silly audit   'big.js': [ '5.2.2' ],
81 silly audit   'binary-extensions': [ '2.3.0', '1.13.1' ],
81 silly audit   bindings: [ '1.5.0' ],
81 silly audit   bluebird: [ '3.7.2' ],
81 silly audit   boolbase: [ '1.0.0' ],
81 silly audit   boxen: [ '5.1.2' ],
81 silly audit   'brace-expansion': [ '1.1.12' ],
81 silly audit   braces: [ '3.0.3', '2.3.2' ],
81 silly audit   brorand: [ '1.1.0' ],
81 silly audit   'browserify-aes': [ '1.2.0' ],
81 silly audit   'browserify-cipher': [ '1.0.1' ],
81 silly audit   'browserify-des': [ '1.0.2' ],
81 silly audit   'browserify-rsa': [ '4.1.1' ],
81 silly audit   'browserify-sign': [ '4.2.5' ],
81 silly audit   'browserify-zlib': [ '0.2.0' ],
81 silly audit   browserslist: [ '4.28.1' ],
81 silly audit   buffer: [ '5.7.1', '4.9.2' ],
81 silly audit   'buffer-from': [ '1.1.2' ],
81 silly audit   'buffer-json': [ '2.0.0' ],
81 silly audit   'buffer-xor': [ '1.0.3' ],
81 silly audit   'builtin-modules': [ '3.3.0' ],
81 silly audit   'builtin-status-codes': [ '3.0.0' ],
81 silly audit   bytes: [ '3.1.2' ],
81 silly audit   cacache: [ '15.3.0', '12.0.4' ],
81 silly audit   'cache-base': [ '1.0.1' ],
81 silly audit   'cache-loader': [ '4.1.0' ],
81 silly audit   'call-bind': [ '1.0.8' ],
81 silly audit   'call-bind-apply-helpers': [ '1.0.2' ],
81 silly audit   'call-bound': [ '1.0.4' ],
81 silly audit   'caller-callsite': [ '2.0.0' ],
81 silly audit   callsites: [ '2.0.0', '3.1.0' ],
81 silly audit   'caller-path': [ '2.0.0' ],
81 silly audit   'camel-case': [ '3.0.0', '4.1.2' ],
81 silly audit   'camelcase-css': [ '2.0.1' ],
81 silly audit   'caniuse-api': [ '3.0.0' ],
81 silly audit   'caniuse-lite': [ '1.0.30001767' ],
81 silly audit   chardet: [ '0.7.0' ],
81 silly audit   chokidar: [ '3.6.0', '2.1.8' ],
81 silly audit   'glob-parent': [ '5.1.2', '6.0.2', '3.1.0' ],
81 silly audit   chownr: [ '2.0.0', '1.1.4' ],
81 silly audit   'chrome-trace-event': [ '1.0.4' ],
81 silly audit   'ci-info': [ '3.9.0' ],
81 silly audit   'cipher-base': [ '1.0.7' ],
81 silly audit   'class-utils': [ '0.3.6' ],
81 silly audit   'clean-css': [ '4.2.4' ],
81 silly audit   'clean-regexp': [ '1.0.0' ],
81 silly audit   'clean-stack': [ '2.2.0' ],
81 silly audit   'cli-boxes': [ '2.2.1' ],
81 silly audit   'cli-cursor': [ '3.1.0' ],
81 silly audit   'cli-width': [ '3.0.0' ],
81 silly audit   coa: [ '2.0.2' ],
81 silly audit   'collection-visit': [ '1.0.0' ],
81 silly audit   color: [ '3.2.1' ],
81 silly audit   'color-string': [ '1.9.1' ],
81 silly audit   colorette: [ '1.4.0' ],
81 silly audit   commander: [ '2.20.3', '4.1.1', '7.2.0' ],
81 silly audit   commondir: [ '1.0.1' ],
81 silly audit   'component-emitter': [ '1.3.1' ],
81 silly audit   compressible: [ '2.0.18' ],
81 silly audit   compression: [ '1.8.1' ],
81 silly audit   debug: [ '2.6.9', '4.4.3', '3.2.7' ],
81 silly audit   ms: [ '2.0.0', '2.1.3' ],
81 silly audit   'concat-map': [ '0.0.1' ],
81 silly audit   'concat-stream': [ '1.6.2' ],
81 silly audit   connect: [ '3.7.0' ],
81 silly audit   'console-browserify': [ '1.2.0' ],
81 silly audit   consolidate: [ '0.15.1' ],
81 silly audit   'constants-browserify': [ '1.0.0' ],
81 silly audit   'convert-source-map': [ '2.0.0' ],
81 silly audit   cookie: [ '0.3.1' ],
81 silly audit   'copy-concurrently': [ '1.0.5' ],
81 silly audit   rimraf: [ '2.7.1', '3.0.2' ],
81 silly audit   'copy-descriptor': [ '0.1.1' ],
81 silly audit   'core-js': [ '2.6.12' ],
81 silly audit   'core-js-compat': [ '3.48.0' ],
81 silly audit   'core-util-is': [ '1.0.3' ],
81 silly audit   cosmiconfig: [ '5.2.1', '7.1.0' ],
81 silly audit   'import-fresh': [ '2.0.0', '3.3.1' ],
81 silly audit   'js-yaml': [ '3.14.2', '4.1.1' ],
81 silly audit   'resolve-from': [ '3.0.0', '4.0.0' ],
81 silly audit   crc: [ '3.8.0' ],
81 silly audit   'create-ecdh': [ '4.0.4' ],
81 silly audit   'create-hash': [ '1.2.0' ],
81 silly audit   'create-hmac': [ '1.1.7' ],
81 silly audit   'create-require': [ '1.1.1' ],
81 silly audit   'cross-spawn': [ '7.0.6' ],
81 silly audit   'crypto-browserify': [ '3.12.1' ],
81 silly audit   'css-blank-pseudo': [ '0.1.4' ],
81 silly audit   'css-color-names': [ '0.0.4' ],
81 silly audit   'css-declaration-sorter': [ '4.0.1' ],
81 silly audit   'css-has-pseudo': [ '0.10.0' ],
81 silly audit   cssesc: [ '2.0.0', '3.0.0' ],
81 silly audit   'postcss-selector-parser': [ '5.0.0', '3.1.2', '7.1.1', '6.1.2' ],
81 silly audit   'css-prefers-color-scheme': [ '3.1.1' ],
81 silly audit   'css-select': [ '4.3.0', '2.1.0' ],
81 silly audit   'css-select-base-adapter': [ '0.1.1' ],
81 silly audit   'css-tree': [ '1.0.0-alpha.37', '1.1.3' ],
81 silly audit   'css-what': [ '6.2.2', '3.4.2' ],
81 silly audit   cssdb: [ '4.4.0' ],
81 silly audit   cssnano: [ '4.1.11' ],
81 silly audit   'cssnano-preset-default': [ '4.0.8' ],
81 silly audit   'cssnano-util-get-arguments': [ '4.0.0' ],
81 silly audit   'cssnano-util-get-match': [ '4.0.0' ],
81 silly audit   'cssnano-util-raw-cache': [ '4.0.1' ],
81 silly audit   'cssnano-util-same-parent': [ '4.0.1' ],
81 silly audit   csso: [ '4.2.0' ],
81 silly audit   'mdn-data': [ '2.0.14', '2.0.4' ],
81 silly audit   csstype: [ '3.2.3' ],
81 silly audit   cuint: [ '0.2.2' ],
81 silly audit   cyclist: [ '1.0.2' ],
81 silly audit   'data-view-buffer': [ '1.0.2' ],
81 silly audit   'data-view-byte-length': [ '1.0.2' ],
81 silly audit   'data-view-byte-offset': [ '1.0.1' ],
81 silly audit   'de-indent': [ '1.0.2' ],
81 silly audit   debounce: [ '1.2.1' ],
81 silly audit   'decode-uri-component': [ '0.2.2' ],
81 silly audit   'deep-is': [ '0.1.4' ],
81 silly audit   deepmerge: [ '4.3.1' ],
81 silly audit   'define-data-property': [ '1.1.4' ],
81 silly audit   'define-properties': [ '1.2.1' ],
81 silly audit   depd: [ '2.0.0' ],
81 silly audit   'des.js': [ '1.1.0' ],
81 silly audit   destroy: [ '1.2.0' ],
81 silly audit   'detect-indent': [ '5.0.0' ],
81 silly audit   devalue: [ '2.0.1' ],
81 silly audit   didyoumean: [ '1.2.2' ],
81 silly audit   'diffie-hellman': [ '5.0.3' ],
81 silly audit   'dir-glob': [ '3.0.1' ],
81 silly audit   dlv: [ '1.1.3' ],
81 silly audit   doctrine: [ '3.0.0', '2.1.0' ],
81 silly audit   'dom-converter': [ '0.2.0' ],
81 silly audit   'dom-serializer': [ '1.4.1', '0.2.2' ],
81 silly audit   'domain-browser': [ '1.2.0' ],
81 silly audit   domelementtype: [ '2.3.0', '1.3.1' ],
81 silly audit   domhandler: [ '4.3.1' ],
81 silly audit   domutils: [ '2.8.0', '1.7.0' ],
81 silly audit   'dot-case': [ '3.0.4' ],
81 silly audit   'lower-case': [ '2.0.2', '1.1.4' ],
81 silly audit   'no-case': [ '3.0.4', '2.3.2' ],
81 silly audit   tslib: [ '2.8.1', '1.14.1' ],
81 silly audit   'dot-prop': [ '5.3.0' ],
81 silly audit   dotenv: [ '9.0.2' ],
81 silly audit   'dunder-proto': [ '1.0.1' ],
81 silly audit   duplexer: [ '0.1.2' ],
81 silly audit   duplexify: [ '3.7.1' ],
81 silly audit   'ee-first': [ '1.1.1' ],
81 silly audit   'electron-to-chromium': [ '1.5.286' ],
81 silly audit   elliptic: [ '6.6.1' ],
81 silly audit   'emoji-regex': [ '8.0.0' ],
81 silly audit   'emojis-list': [ '3.0.0' ],
81 silly audit   encodeurl: [ '1.0.2', '2.0.0' ],
81 silly audit   'end-of-stream': [ '1.4.5' ],
81 silly audit   'enhanced-resolve': [ '4.5.0' ],
81 silly audit   entities: [ '2.2.0' ],
81 silly audit   errno: [ '0.1.8' ],
81 silly audit   'error-ex': [ '1.3.4' ],
81 silly audit   'error-stack-parser': [ '2.1.4' ],
81 silly audit   'es-abstract': [ '1.24.1' ],
81 silly audit   'es-array-method-boxes-properly': [ '1.0.0' ],
81 silly audit   'es-define-property': [ '1.0.1' ],
81 silly audit   'es-errors': [ '1.3.0' ],
81 silly audit   'es-object-atoms': [ '1.1.1' ],
81 silly audit   'es-set-tostringtag': [ '2.1.0' ],
81 silly audit   'es-shim-unscopables': [ '1.1.0' ],
81 silly audit   'es-to-primitive': [ '1.3.0' ],
81 silly audit   escalade: [ '3.2.0' ],
81 silly audit   'escape-html': [ '1.0.3' ],
81 silly audit   eslint: [ '8.57.1' ],
81 silly audit   'eslint-config-standard': [ '16.0.3' ],
81 silly audit   'eslint-import-resolver-node': [ '0.3.9' ],
81 silly audit   'eslint-module-utils': [ '2.12.1' ],
81 silly audit   'eslint-plugin-es': [ '3.0.1' ],
81 silly audit   'eslint-plugin-import': [ '2.32.0' ],
81 silly audit   'eslint-plugin-jest': [ '25.7.0' ],
81 silly audit   'eslint-plugin-node': [ '11.1.0' ],
81 silly audit   'eslint-plugin-promise': [ '5.2.0' ],
81 silly audit   'eslint-plugin-unicorn': [ '39.0.0' ],
81 silly audit   'eslint-utils': [ '3.0.0', '2.1.0' ],
81 silly audit   'eslint-plugin-vue': [ '8.7.1', '9.33.0' ],
81 silly audit   'eslint-template-visitor': [ '2.3.2' ],
81 silly audit   'eslint-webpack-plugin': [ '2.7.0' ],
81 silly audit   espree: [ '9.6.1' ],
81 silly audit   esprima: [ '4.0.1' ],
81 silly audit   esquery: [ '1.7.0' ],
81 silly audit   esrecurse: [ '4.3.0' ],
81 silly audit   esutils: [ '2.0.3' ],
81 silly audit   etag: [ '1.8.1' ],
81 silly audit   events: [ '3.3.0' ],
81 silly audit   'eventsource-polyfill': [ '0.9.6' ],
81 silly audit   evp_bytestokey: [ '1.0.3' ],
81 silly audit   execa: [ '5.1.1' ],
81 silly audit   exit: [ '0.1.2' ],
81 silly audit   'expand-brackets': [ '2.1.4' ],
81 silly audit   'extend-shallow': [ '2.0.1', '3.0.2' ],
81 silly audit   'external-editor': [ '3.1.0' ],
81 silly audit   extglob: [ '2.0.4' ],
81 silly audit   'extract-css-chunks-webpack-plugin': [ '4.10.0' ],
81 silly audit   'fast-deep-equal': [ '3.1.3' ],
81 silly audit   'fast-glob': [ '3.3.3' ],
81 silly audit   'fast-json-stable-stringify': [ '2.1.0' ],
81 silly audit   'fast-levenshtein': [ '2.0.6' ],
81 silly audit   fastq: [ '1.20.1' ],
81 silly audit   'figgy-pudding': [ '3.5.2' ],
81 silly audit   figures: [ '3.2.0' ],
81 silly audit   'file-entry-cache': [ '6.0.1' ],
81 silly audit   'file-loader': [ '6.2.0' ],
81 silly audit   'file-uri-to-path': [ '1.0.0' ],
81 silly audit   'fill-range': [ '7.1.1', '4.0.0' ],
81 silly audit   finalhandler: [ '1.1.2' ],
81 silly audit   'find-cache-dir': [ '3.3.2', '2.1.0' ],
81 silly audit   'find-up': [ '5.0.0', '3.0.0', '4.1.0' ],
81 silly audit   flat: [ '5.0.2' ],
81 silly audit   'flat-cache': [ '3.2.0' ],
81 silly audit   flatted: [ '3.3.3' ],
81 silly audit   flatten: [ '1.0.3' ],
81 silly audit   'flush-write-stream': [ '1.1.1' ],
81 silly audit   'for-each': [ '0.3.5' ],
81 silly audit   'for-in': [ '1.0.2' ],
81 silly audit   'fraction.js': [ '5.3.4' ],
81 silly audit   'fragment-cache': [ '0.2.1' ],
81 silly audit   fresh: [ '0.5.2' ],
81 silly audit   from2: [ '2.3.0' ],
81 silly audit   'fs-memo': [ '1.2.0' ],
81 silly audit   'fs-minipass': [ '2.1.0' ],
81 silly audit   'fs-monkey': [ '1.1.0' ],
81 silly audit   'fs-write-stream-atomic': [ '1.0.10' ],
81 silly audit   'fs.realpath': [ '1.0.0' ],
81 silly audit   fsevents: [ '2.3.3', '1.2.13' ],
81 silly audit   'function-bind': [ '1.1.2' ],
81 silly audit   'function.prototype.name': [ '1.1.8' ],
81 silly audit   'functions-have-names': [ '1.2.3' ],
81 silly audit   'generator-function': [ '2.0.1' ],
81 silly audit   gensync: [ '1.0.0-beta.2' ],
81 silly audit   'get-intrinsic': [ '1.3.0' ],
81 silly audit   'get-port-please': [ '2.6.1' ],
81 silly audit   'get-proto': [ '1.0.1' ],
81 silly audit   'get-stream': [ '6.0.1' ],
81 silly audit   'get-symbol-description': [ '1.1.0' ],
81 silly audit   'get-value': [ '2.0.6' ],
81 silly audit   'git-config-path': [ '2.0.0' ],
81 silly audit   'git-up': [ '7.0.0' ],
81 silly audit   'git-url-parse': [ '13.1.1' ],
81 silly audit   glob: [ '7.2.3' ],
81 silly audit   globals: [ '13.24.0' ],
81 silly audit   globalthis: [ '1.0.4' ],
81 silly audit   globby: [ '11.1.0' ],
81 silly audit   gopd: [ '1.2.0' ],
81 silly audit   'graceful-fs': [ '4.2.11' ],
81 silly audit   graphemer: [ '1.4.0' ],
81 silly audit   'gzip-size': [ '6.0.0' ],
81 silly audit   hable: [ '3.0.0' ],
81 silly audit   'hard-source-webpack-plugin': [ '0.13.1' ],
81 silly audit   'locate-path': [ '3.0.0', '6.0.0', '5.0.0' ],
81 silly audit   'make-dir': [ '2.1.0', '3.1.0', '1.3.0' ],
81 silly audit   'p-limit': [ '2.3.0', '3.1.0' ],
81 silly audit   'p-locate': [ '3.0.0', '5.0.0', '4.1.0' ],
81 silly audit   'path-exists': [ '3.0.0', '4.0.0' ],
81 silly audit   pify: [ '4.0.1', '5.0.0', '2.3.0', '3.0.0' ],
81 silly audit   'pkg-dir': [ '3.0.0', '4.2.0' ],
81 silly audit   has: [ '1.0.4' ],
81 silly audit   'has-bigints': [ '1.1.0' ],
81 silly audit   'has-property-descriptors': [ '1.0.2' ],
81 silly audit   'has-proto': [ '1.2.0' ],
81 silly audit   'has-symbols': [ '1.1.0' ],
81 silly audit   'has-tostringtag': [ '1.0.2' ],
81 silly audit   'has-value': [ '1.0.0', '0.3.1' ],
81 silly audit   'has-values': [ '1.0.0', '0.1.4' ],
81 silly audit   'is-number': [ '3.0.0', '7.0.0' ],
81 silly audit   'kind-of': [ '3.2.2', '4.0.0', '6.0.3' ],
81 silly audit   'hash-base': [ '3.0.5', '3.1.2' ],
81 silly audit   'hash.js': [ '1.1.7' ],
81 silly audit   hasown: [ '2.0.2' ],
81 silly audit   he: [ '1.2.0' ],
81 silly audit   'hex-color-regex': [ '1.1.0' ],
81 silly audit   'hmac-drbg': [ '1.0.1' ],
81 silly audit   'hosted-git-info': [ '2.8.9' ],
81 silly audit   'hsl-regex': [ '1.0.0' ],
81 silly audit   'hsla-regex': [ '1.0.0' ],
81 silly audit   'html-entities': [ '2.6.0' ],
81 silly audit   'html-escaper': [ '2.0.2' ],
81 silly audit   'html-minifier': [ '4.0.0' ],
81 silly audit   'html-minifier-terser': [ '5.1.1' ],
81 silly audit   'param-case': [ '3.0.4', '2.1.1' ],
81 silly audit   'html-tags': [ '2.0.0' ],
81 silly audit   'html-webpack-plugin': [ '4.5.2' ],
81 silly audit   htmlparser2: [ '6.1.0' ],
81 silly audit   'http-errors': [ '2.0.1' ],
81 silly audit   statuses: [ '2.0.2', '1.5.0' ],
81 silly audit   'https-browserify': [ '1.0.0' ],
81 silly audit   'human-signals': [ '2.1.0' ],
81 silly audit   'iconv-lite': [ '0.4.24' ],
81 silly audit   ieee754: [ '1.2.1' ],
81 silly audit   iferr: [ '0.1.5' ],
81 silly audit   ignore: [ '5.3.2' ],
81 silly audit   'import-cwd': [ '2.1.0' ],
81 silly audit   'import-from': [ '2.1.0' ],
81 silly audit   imurmurhash: [ '0.1.4' ],
81 silly audit   'indent-string': [ '4.0.0' ],
81 silly audit   'indexes-of': [ '1.0.1' ],
81 silly audit   'infer-owner': [ '1.0.4' ],
81 silly audit   inflight: [ '1.0.6' ],
81 silly audit   ini: [ '1.3.8' ],
81 silly audit   inquirer: [ '7.3.3' ],
81 silly audit   'internal-slot': [ '1.1.0' ],
81 silly audit   ip: [ '1.1.9' ],
81 silly audit   'is-absolute-url': [ '2.1.0' ],
81 silly audit   'is-accessor-descriptor': [ '1.0.1' ],
81 silly audit   'is-array-buffer': [ '3.0.5' ],
81 silly audit   'is-arrayish': [ '0.2.1', '0.3.4' ],
81 silly audit   'is-async-function': [ '2.1.1' ],
81 silly audit   'is-bigint': [ '1.1.0' ],
81 silly audit   'is-binary-path': [ '2.1.0', '1.0.1' ],
81 silly audit   'is-boolean-object': [ '1.2.2' ],
81 silly audit   'is-buffer': [ '1.1.6' ],
81 silly audit   'is-builtin-module': [ '3.2.1' ],
81 silly audit   'is-callable': [ '1.2.7' ],
81 silly audit   'is-color-stop': [ '1.1.0' ],
81 silly audit   'is-core-module': [ '2.16.1' ],
81 silly audit   'is-data-descriptor': [ '1.0.1' ],
81 silly audit   'is-data-view': [ '1.0.2' ],
81 silly audit   'is-date-object': [ '1.1.0' ],
81 silly audit   'is-directory': [ '0.3.1' ],
81 silly audit   'is-extendable': [ '0.1.1', '1.0.1' ],
81 silly audit   'is-extglob': [ '2.1.1' ],
81 silly audit   'is-finalizationregistry': [ '1.1.1' ],
81 silly audit   'is-fullwidth-code-point': [ '3.0.0' ],
81 silly audit   'is-generator-function': [ '1.1.2' ],
81 silly audit   'is-glob': [ '4.0.3', '3.1.0' ],
81 silly audit   'is-map': [ '2.0.3' ],
81 silly audit   'is-negative-zero': [ '2.0.3' ],
81 silly audit   'is-number-object': [ '1.1.1' ],
81 silly audit   'is-obj': [ '2.0.0' ],
81 silly audit   'is-path-inside': [ '3.0.3' ],
81 silly audit   'is-plain-obj': [ '1.1.0' ],
81 silly audit   'is-plain-object': [ '2.0.4' ],
81 silly audit   'is-regex': [ '1.2.1' ],
81 silly audit   'is-resolvable': [ '1.1.0' ],
81 silly audit   'is-set': [ '2.0.3' ],
81 silly audit   'is-shared-array-buffer': [ '1.0.4' ],
81 silly audit   'is-ssh': [ '1.4.1' ],
81 silly audit   'is-stream': [ '2.0.1' ],
81 silly audit   'is-string': [ '1.1.1' ],
81 silly audit   'is-symbol': [ '1.1.1' ],
81 silly audit   'is-typed-array': [ '1.1.15' ],
81 silly audit   'is-weakmap': [ '2.0.2' ],
81 silly audit   'is-weakref': [ '1.1.1' ],
81 silly audit   'is-weakset': [ '2.0.4' ],
81 silly audit   'is-windows': [ '1.0.2' ],
81 silly audit   'is-wsl': [ '1.1.0' ],
81 silly audit   isarray: [ '1.0.0', '2.0.5' ],
81 silly audit   isexe: [ '2.0.0' ],
81 silly audit   isobject: [ '3.0.1', '2.1.0' ],
81 silly audit   'jest-worker': [ '27.5.1', '26.6.2' ],
81 silly audit   jiti: [ '1.21.7' ],
81 silly audit   'js-tokens': [ '4.0.0' ],
81 silly audit   jsesc: [ '3.1.0' ],
81 silly audit   'json-buffer': [ '3.0.1' ],
81 silly audit   'json-parse-better-errors': [ '1.0.2' ],
81 silly audit   'json-parse-even-better-errors': [ '2.3.1' ],
81 silly audit   'json-schema-traverse': [ '0.4.1' ],
81 silly audit   'json-stable-stringify-without-jsonify': [ '1.0.1' ],
81 silly audit   keyv: [ '4.5.4' ],
81 silly audit   klona: [ '2.0.6' ],
81 silly audit   'last-call-webpack-plugin': [ '3.0.0' ],
81 silly audit   'launch-editor': [ '2.12.0' ],
81 silly audit   'launch-editor-middleware': [ '2.12.0' ],
81 silly audit   levn: [ '0.4.1' ],
81 silly audit   lilconfig: [ '3.1.3' ],
81 silly audit   'lines-and-columns': [ '1.2.4' ],
81 silly audit   'loader-runner': [ '4.3.1', '2.4.0' ],
81 silly audit   lodash: [ '4.17.23' ],
81 silly audit   'lodash._reinterpolate': [ '3.0.0' ],
81 silly audit   'lodash.debounce': [ '4.0.8' ],
81 silly audit   'lodash.kebabcase': [ '4.1.1' ],
81 silly audit   'lodash.memoize': [ '4.1.2' ],
81 silly audit   'lodash.merge': [ '4.6.2' ],
81 silly audit   'lodash.template': [ '4.5.0' ],
81 silly audit   'lodash.templatesettings': [ '4.2.0' ],
81 silly audit   'lodash.uniq': [ '4.5.0' ],
81 silly audit   'map-age-cleaner': [ '0.1.3' ],
81 silly audit   'map-cache': [ '0.2.2' ],
81 silly audit   'map-visit': [ '1.0.0' ],
81 silly audit   'math-intrinsics': [ '1.1.0' ],
81 silly audit   'md5.js': [ '1.3.5' ],
81 silly audit   mem: [ '8.1.1' ],
81 silly audit   'mimic-fn': [ '3.1.0', '2.1.0' ],
81 silly audit   memfs: [ '3.5.3' ],
81 silly audit   'memory-fs': [ '0.5.0', '0.4.1' ],
81 silly audit   'merge-source-map': [ '1.1.0' ],
81 silly audit   'merge-stream': [ '2.0.0' ],
81 silly audit   merge2: [ '1.4.1' ],
81 silly audit   micromatch: [ '4.0.8', '3.1.10' ],
81 silly audit   'miller-rabin': [ '4.0.1' ],
81 silly audit   mime: [ '2.5.2', '1.6.0' ],
81 silly audit   'mime-db': [ '1.54.0', '1.52.0' ],
81 silly audit   'mime-types': [ '2.1.35' ],
81 silly audit   'min-indent': [ '1.0.1' ],
81 silly audit   'minimalistic-assert': [ '1.0.1' ],
81 silly audit   'minimalistic-crypto-utils': [ '1.0.1' ],
81 silly audit   minimatch: [ '3.1.2', '3.0.8' ],
81 silly audit   minimist: [ '1.2.8' ],
81 silly audit   minipass: [ '3.3.6', '5.0.0' ],
81 silly audit   'minipass-collect': [ '1.0.2' ],
81 silly audit   'minipass-flush': [ '1.0.5' ],
81 silly audit   'minipass-pipeline': [ '1.2.4' ],
81 silly audit   minizlib: [ '2.1.2' ],
81 silly audit   mississippi: [ '3.0.0' ],
81 silly audit   'mixin-deep': [ '1.3.2' ],
81 silly audit   'move-concurrently': [ '1.0.1' ],
81 silly audit   mrmime: [ '2.0.1' ],
81 silly audit   multimap: [ '1.1.0' ],
81 silly audit   mustache: [ '2.3.2' ],
81 silly audit   'mute-stream': [ '0.0.8' ],
81 silly audit   mz: [ '2.7.0' ],
81 silly audit   nan: [ '2.25.0' ],
81 silly audit   nanoid: [ '3.3.11' ],
81 silly audit   nanomatch: [ '1.2.13' ],
81 silly audit   'natural-compare': [ '1.4.0' ],
81 silly audit   negotiator: [ '0.6.4' ],
81 silly audit   'neo-async': [ '2.6.2' ],
81 silly audit   'node-fetch': [ '2.7.0' ],
81 silly audit   'node-html-parser': [ '3.3.6' ],
81 silly audit   'node-libs-browser': [ '2.2.1' ],
81 silly audit   punycode: [ '1.4.1', '2.3.1' ],
81 silly audit   'node-object-hash': [ '1.4.2' ],
81 silly audit   'node-releases': [ '2.0.27' ],
81 silly audit   'node-res': [ '5.0.1' ],
81 silly audit   'normalize-package-data': [ '2.5.0' ],
81 silly audit   'normalize-path': [ '3.0.0', '2.1.1' ],
81 silly audit   'normalize-range': [ '0.1.2' ],
81 silly audit   'normalize-url': [ '1.9.1', '3.3.0' ],
81 silly audit   'npm-run-path': [ '4.0.1' ],
81 silly audit   'nth-check': [ '2.1.1', '1.0.2' ],
81 silly audit   num2fraction: [ '1.2.2' ],
81 silly audit   nuxt: [ '2.15.8' ],
81 silly audit   'object-assign': [ '4.1.1' ],
81 silly audit   'object-copy': [ '0.1.0' ],
81 silly audit   'object-hash': [ '3.0.0' ],
81 silly audit   'object-inspect': [ '1.13.4' ],
81 silly audit   'object-keys': [ '1.1.1' ],
81 silly audit   'object-visit': [ '1.0.1' ],
81 silly audit   'object.assign': [ '4.1.7' ],
81 silly audit   'object.fromentries': [ '2.0.8' ],
81 silly audit   'object.getownpropertydescriptors': [ '2.1.9' ],
81 silly audit   'object.groupby': [ '1.0.3' ],
81 silly audit   'object.pick': [ '1.3.0' ],
81 silly audit   'object.values': [ '1.2.1' ],
81 silly audit   'on-finished': [ '2.3.0', '2.4.1' ],
81 silly audit   'on-headers': [ '1.1.0' ],
81 silly audit   once: [ '1.4.0' ],
81 silly audit   onetime: [ '5.1.2' ],
81 silly audit   opener: [ '1.5.2' ],
81 silly audit   'optimize-css-assets-webpack-plugin': [ '5.0.8' ],
81 silly audit   optionator: [ '0.9.4' ],
81 silly audit   'os-browserify': [ '0.3.0' ],
81 silly audit   'os-tmpdir': [ '1.0.2' ],
81 silly audit   'own-keys': [ '1.0.1' ],
81 silly audit   'p-defer': [ '1.0.0' ],
81 silly audit   'p-map': [ '4.0.0' ],
81 silly audit   'p-try': [ '2.2.0' ],
81 silly audit   pako: [ '1.0.11' ],
81 silly audit   'parallel-transform': [ '1.2.0' ],
81 silly audit   'parent-module': [ '1.0.1' ],
81 silly audit   'parse-asn1': [ '5.1.9' ],
81 silly audit   'parse-git-config': [ '3.0.0' ],
81 silly audit   'parse-json': [ '4.0.0', '5.2.0' ],
81 silly audit   'parse-path': [ '7.1.0' ],
81 silly audit   'parse-url': [ '8.1.0' ],
81 silly audit   parseurl: [ '1.3.3' ],
81 silly audit   'pascal-case': [ '3.1.2' ],
81 silly audit   pascalcase: [ '0.1.1' ],
81 silly audit   'path-browserify': [ '0.0.1' ],
81 silly audit   'path-dirname': [ '1.0.2' ],
81 silly audit   'path-is-absolute': [ '1.0.1' ],
81 silly audit   'path-key': [ '3.1.1' ],
81 silly audit   'path-parse': [ '1.0.7' ],
81 silly audit   'path-type': [ '4.0.0' ],
81 silly audit   pbkdf2: [ '3.1.5' ],
81 silly audit   picomatch: [ '2.3.1', '4.0.3' ],
81 silly audit   pirates: [ '4.0.7' ],
81 silly audit   pluralize: [ '8.0.0' ],
81 silly audit   'pnp-webpack-plugin': [ '1.7.0' ],
81 silly audit   'posix-character-classes': [ '0.1.1' ],
81 silly audit   'possible-typed-array-names': [ '1.1.0' ],
81 silly audit   'postcss-attribute-case-insensitive': [ '4.0.2' ],
81 silly audit   'postcss-calc': [ '7.0.5' ],
81 silly audit   'postcss-color-functional-notation': [ '2.0.1' ],
81 silly audit   'postcss-color-gray': [ '5.0.0' ],
81 silly audit   'postcss-color-hex-alpha': [ '5.0.3' ],
81 silly audit   'postcss-color-mod-function': [ '3.0.3' ],
81 silly audit   'postcss-color-rebeccapurple': [ '4.0.1' ],
81 silly audit   'postcss-colormin': [ '4.0.3' ],
81 silly audit   'postcss-convert-values': [ '4.0.1' ],
81 silly audit   'postcss-custom-media': [ '7.0.8' ],
81 silly audit   'postcss-custom-properties': [ '8.0.11' ],
81 silly audit   'postcss-custom-selectors': [ '5.1.2' ],
81 silly audit   'postcss-dir-pseudo-class': [ '5.0.0' ],
81 silly audit   'postcss-discard-comments': [ '4.0.2' ],
81 silly audit   'postcss-discard-duplicates': [ '4.0.2' ],
81 silly audit   'postcss-discard-empty': [ '4.0.1' ],
81 silly audit   'postcss-discard-overridden': [ '4.0.1' ],
81 silly audit   'postcss-double-position-gradients': [ '1.0.0' ],
81 silly audit   'postcss-env-function': [ '2.0.2' ],
81 silly audit   'postcss-focus-visible': [ '4.0.0' ],
81 silly audit   'postcss-focus-within': [ '3.0.0' ],
81 silly audit   'postcss-font-variant': [ '4.0.1' ],
81 silly audit   'postcss-gap-properties': [ '2.0.0' ],
81 silly audit   'postcss-image-set-function': [ '3.0.1' ],
81 silly audit   'postcss-import-resolver': [ '2.0.0' ],
81 silly audit   'postcss-initial': [ '3.0.4' ],
81 silly audit   'postcss-js': [ '4.1.0' ],
81 silly audit   'postcss-lab-function': [ '2.0.1' ],
81 silly audit   'postcss-logical': [ '3.0.0' ],
81 silly audit   'postcss-media-minmax': [ '4.0.0' ],
81 silly audit   'postcss-merge-longhand': [ '4.0.11' ],
81 silly audit   'postcss-merge-rules': [ '4.0.3' ],
81 silly audit   'postcss-minify-font-values': [ '4.0.2' ],
81 silly audit   'postcss-minify-gradients': [ '4.0.2' ],
81 silly audit   'postcss-minify-params': [ '4.0.2' ],
81 silly audit   'postcss-minify-selectors': [ '4.0.2' ],
81 silly audit   'postcss-nested': [ '6.2.0' ],
81 silly audit   'postcss-nesting': [ '7.0.1' ],
81 silly audit   'postcss-normalize-charset': [ '4.0.1' ],
81 silly audit   'postcss-normalize-display-values': [ '4.0.2' ],
81 silly audit   'postcss-normalize-positions': [ '4.0.2' ],
81 silly audit   'postcss-normalize-repeat-style': [ '4.0.2' ],
81 silly audit   'postcss-normalize-string': [ '4.0.2' ],
81 silly audit   'postcss-normalize-timing-functions': [ '4.0.2' ],
81 silly audit   'postcss-normalize-unicode': [ '4.0.1' ],
81 silly audit   'postcss-normalize-url': [ '4.0.1' ],
81 silly audit   'postcss-normalize-whitespace': [ '4.0.2' ],
81 silly audit   'postcss-ordered-values': [ '4.1.2' ],
81 silly audit   'postcss-overflow-shorthand': [ '2.0.0' ],
81 silly audit   'postcss-page-break': [ '2.0.0' ],
81 silly audit   'postcss-place': [ '4.0.1' ],
81 silly audit   'postcss-preset-env': [ '6.7.2' ],
81 silly audit   'postcss-pseudo-class-any-link': [ '6.0.0' ],
81 silly audit   'postcss-reduce-initial': [ '4.0.3' ],
81 silly audit   'postcss-reduce-transforms': [ '4.0.2' ],
81 silly audit   'postcss-replace-overflow-wrap': [ '3.0.0' ],
81 silly audit   'postcss-selector-matches': [ '4.0.0' ],
81 silly audit   'postcss-selector-not': [ '4.0.1' ],
81 silly audit   'postcss-svgo': [ '4.0.3' ],
81 silly audit   'postcss-unique-selectors': [ '4.0.1' ],
81 silly audit   'postcss-values-parser': [ '2.0.1' ],
81 silly audit   'prelude-ls': [ '1.2.1' ],
81 silly audit   'prepend-http': [ '1.0.4' ],
81 silly audit   prettier: [ '2.8.8' ],
81 silly audit   'pretty-bytes': [ '5.6.0' ],
81 silly audit   'pretty-error': [ '2.1.2' ],
81 silly audit   'pretty-time': [ '1.1.0' ],
81 silly audit   process: [ '0.11.10' ],
81 silly audit   'process-nextick-args': [ '2.0.1' ],
81 silly audit   'promise-inflight': [ '1.0.1' ],
81 silly audit   'proper-lockfile': [ '4.1.2' ],
81 silly audit   protocols: [ '2.0.2' ],
81 silly audit   prr: [ '1.0.1' ],
81 silly audit   pseudomap: [ '1.0.2' ],
81 silly audit   'public-encrypt': [ '4.0.3' ],
81 silly audit   pump: [ '3.0.3', '2.0.1' ],
81 silly audit   pumpify: [ '1.5.1' ],
81 silly audit   q: [ '1.5.1' ],
81 silly audit   qs: [ '6.14.1' ],
81 silly audit   'query-string': [ '4.3.4' ],
81 silly audit   'querystring-es3': [ '0.2.1' ],
81 silly audit   'queue-microtask': [ '1.2.3' ],
81 silly audit   randombytes: [ '2.1.0' ],
81 silly audit   randomfill: [ '1.0.4' ],
81 silly audit   'range-parser': [ '1.2.1' ],
81 silly audit   'read-cache': [ '1.0.0' ],
81 silly audit   'read-pkg': [ '5.2.0' ],
81 silly audit   'read-pkg-up': [ '7.0.1' ],
81 silly audit   'readable-stream': [ '2.3.8' ],
81 silly audit   'safe-buffer': [ '5.1.2', '5.2.1' ],
81 silly audit   readdirp: [ '3.6.0', '2.2.1' ],
81 silly audit   'reflect.getprototypeof': [ '1.0.10' ],
81 silly audit   regenerate: [ '1.4.2' ],
81 silly audit   'regenerate-unicode-properties': [ '10.2.2' ],
81 silly audit   'regenerator-runtime': [ '0.13.11' ],
81 silly audit   'regex-not': [ '1.0.2' ],
81 silly audit   'safe-regex': [ '1.1.0', '2.1.1' ],
81 silly audit   'regexp-tree': [ '0.1.27' ],
81 silly audit   'regexp.prototype.flags': [ '1.5.4' ],
81 silly audit   regexpp: [ '3.2.0' ],
81 silly audit   'regexpu-core': [ '6.4.0' ],
81 silly audit   regjsgen: [ '0.8.0' ],
81 silly audit   regjsparser: [ '0.13.0' ],
81 silly audit   relateurl: [ '0.2.7' ],
81 silly audit   'remove-trailing-separator': [ '1.1.0' ],
81 silly audit   renderkid: [ '2.0.7' ],
81 silly audit   'strip-ansi': [ '3.0.1', '6.0.1' ],
81 silly audit   'repeat-element': [ '1.1.4' ],
81 silly audit   'repeat-string': [ '1.6.1' ],
81 silly audit   resolve: [ '1.22.11' ],
81 silly audit   'resolve-url': [ '0.2.1' ],
81 silly audit   'restore-cursor': [ '3.1.0' ],
81 silly audit   ret: [ '0.1.15' ],
81 silly audit   retry: [ '0.12.0' ],
81 silly audit   reusify: [ '1.1.0' ],
81 silly audit   'rgb-regex': [ '1.0.1' ],
81 silly audit   'rgba-regex': [ '1.0.0' ],
81 silly audit   ripemd160: [ '2.0.3' ],
81 silly audit   'run-async': [ '2.4.1' ],
81 silly audit   'run-parallel': [ '1.2.0' ],
81 silly audit   'run-queue': [ '1.0.3' ],
81 silly audit   rxjs: [ '6.6.7' ],
81 silly audit   'safe-array-concat': [ '1.1.3' ],
81 silly audit   'safe-push-apply': [ '1.0.0' ],
81 silly audit   'safe-regex-test': [ '1.1.0' ],
81 silly audit   'safer-buffer': [ '2.1.2' ],
81 silly audit   sax: [ '1.2.4' ],
81 silly audit   scule: [ '0.2.1' ],
81 silly audit   send: [ '0.19.2' ],
81 silly audit   'serialize-javascript': [ '5.0.1', '6.0.2', '4.0.0' ],
81 silly audit   'serve-placeholder': [ '1.2.4' ],
81 silly audit   'serve-static': [ '1.16.3' ],
81 silly audit   'server-destroy': [ '1.0.1' ],
81 silly audit   'set-function-length': [ '1.2.2' ],
81 silly audit   'set-function-name': [ '2.0.2' ],
81 silly audit   'set-proto': [ '1.0.0' ],
81 silly audit   'set-value': [ '2.0.1' ],
81 silly audit   setimmediate: [ '1.0.5' ],
81 silly audit   setprototypeof: [ '1.2.0' ],
81 silly audit   'sha.js': [ '2.4.12' ],
81 silly audit   'shebang-command': [ '2.0.0' ],
81 silly audit   'shebang-regex': [ '3.0.0' ],
81 silly audit   'shell-quote': [ '1.8.3' ],
81 silly audit   'side-channel': [ '1.1.0' ],
81 silly audit   'side-channel-list': [ '1.0.0' ],
81 silly audit   'side-channel-map': [ '1.0.1' ],
81 silly audit   'side-channel-weakmap': [ '1.0.2' ],
81 silly audit   'signal-exit': [ '3.0.7' ],
81 silly audit   'simple-swizzle': [ '0.2.4' ],
81 silly audit   sirv: [ '2.0.4' ],
81 silly audit   slash: [ '3.0.0' ],
81 silly audit   snapdragon: [ '0.8.2' ],
81 silly audit   'snapdragon-node': [ '2.1.1' ],
81 silly audit   'snapdragon-util': [ '3.0.1' ],
81 silly audit   'sort-keys': [ '1.1.2', '2.0.0' ],
81 silly audit   'source-list-map': [ '2.0.1' ],
81 silly audit   'source-map-js': [ '1.2.1' ],
81 silly audit   'source-map-resolve': [ '0.5.3' ],
81 silly audit   'source-map-support': [ '0.5.21' ],
81 silly audit   'source-map-url': [ '0.4.1' ],
81 silly audit   'spdx-correct': [ '3.2.0' ],
81 silly audit   'spdx-exceptions': [ '2.5.0' ],
81 silly audit   'spdx-expression-parse': [ '3.0.1' ],
81 silly audit   'spdx-license-ids': [ '3.0.22' ],
81 silly audit   'split-string': [ '3.1.0' ],
81 silly audit   'sprintf-js': [ '1.0.3' ],
81 silly audit   ssri: [ '8.0.1', '6.0.2' ],
81 silly audit   stable: [ '0.1.8' ],
81 silly audit   'stack-trace': [ '0.0.10' ],
81 silly audit   stackframe: [ '1.3.4' ],
81 silly audit   'static-extend': [ '0.1.2' ],
81 silly audit   'stop-iteration-iterator': [ '1.1.0' ],
81 silly audit   'stream-browserify': [ '2.0.2' ],
81 silly audit   'stream-each': [ '1.2.3' ],
81 silly audit   'stream-http': [ '2.8.3' ],
81 silly audit   'stream-shift': [ '1.0.3' ],
81 silly audit   'strict-uri-encode': [ '1.1.0' ],
81 silly audit   string_decoder: [ '1.1.1' ],
81 silly audit   'string-width': [ '4.2.3' ],
81 silly audit   'string.prototype.trim': [ '1.2.10' ],
81 silly audit   'string.prototype.trimend': [ '1.0.9' ],
81 silly audit   'string.prototype.trimstart': [ '1.0.8' ],
81 silly audit   'strip-bom': [ '3.0.0' ],
81 silly audit   'strip-final-newline': [ '2.0.0' ],
81 silly audit   'strip-indent': [ '3.0.0' ],
81 silly audit   'strip-json-comments': [ '3.1.1' ],
81 silly audit   'style-resources-loader': [ '1.5.0' ],
81 silly audit   stylehacks: [ '4.0.3' ],
81 silly audit   sucrase: [ '3.35.1' ],
81 silly audit   'supports-preserve-symlinks-flag': [ '1.0.0' ],
81 silly audit   'svg-tags': [ '1.0.0' ],
81 silly audit   svgo: [ '1.3.2' ],
81 silly audit   tailwindcss: [ '3.4.19' ],
81 silly audit   tapable: [ '1.1.3' ],
81 silly audit   tar: [ '6.2.1' ],
81 silly audit   terser: [ '4.8.1', '5.46.0' ],
81 silly audit   'terser-webpack-plugin': [ '4.2.3', '1.4.6' ],
81 silly audit   'text-table': [ '0.2.0' ],
81 silly audit   thenify: [ '3.3.1' ],
81 silly audit   'thenify-all': [ '1.6.0' ],
81 silly audit   'thread-loader': [ '3.0.4' ],
81 silly audit   through: [ '2.3.8' ],
81 silly audit   through2: [ '2.0.5' ],
81 silly audit   'time-fix-plugin': [ '2.0.7' ],
81 silly audit   'timers-browserify': [ '2.0.12' ],
81 silly audit   timsort: [ '0.3.0' ],
81 silly audit   tinyglobby: [ '0.2.15' ],
81 silly audit   fdir: [ '6.5.0' ],
81 silly audit   tmp: [ '0.0.33' ],
81 silly audit   'to-arraybuffer': [ '1.0.1' ],
81 silly audit   'to-buffer': [ '1.2.2' ],
81 silly audit   'to-object-path': [ '0.3.0' ],
81 silly audit   'to-regex': [ '3.0.2' ],
81 silly audit   'to-regex-range': [ '5.0.1', '2.1.1' ],
81 silly audit   toidentifier: [ '1.0.1' ],
81 silly audit   totalist: [ '3.0.1' ],
81 silly audit   tr46: [ '0.0.3' ],
81 silly audit   'ts-interface-checker': [ '0.1.13' ],
81 silly audit   'ts-pnp': [ '1.2.0' ],
81 silly audit   'tsconfig-paths': [ '3.15.0' ],
81 silly audit   tsutils: [ '3.21.0' ],
81 silly audit   'tty-browserify': [ '0.0.0' ],
81 silly audit   'type-check': [ '0.4.0' ],
81 silly audit   'typed-array-buffer': [ '1.0.3' ],
81 silly audit   'typed-array-byte-length': [ '1.0.3' ],
81 silly audit   'typed-array-byte-offset': [ '1.0.4' ],
81 silly audit   'typed-array-length': [ '1.0.7' ],
81 silly audit   typedarray: [ '0.0.6' ],
81 silly audit   typescript: [ '5.9.3' ],
81 silly audit   'ua-parser-js': [ '0.7.41' ],
81 silly audit   ufo: [ '0.7.11' ],
81 silly audit   'uglify-js': [ '3.19.3' ],
81 silly audit   'unbox-primitive': [ '1.1.0' ],
81 silly audit   'undici-types': [ '7.16.0' ],
81 silly audit   unfetch: [ '4.2.0' ],
81 silly audit   'unicode-canonical-property-names-ecmascript': [ '2.0.1' ],
81 silly audit   'unicode-match-property-ecmascript': [ '2.0.0' ],
81 silly audit   'unicode-match-property-value-ecmascript': [ '2.2.1' ],
81 silly audit   'unicode-property-aliases-ecmascript': [ '2.2.0' ],
81 silly audit   'union-value': [ '1.0.1' ],
81 silly audit   uniq: [ '1.0.1' ],
81 silly audit   uniqs: [ '2.0.0' ],
81 silly audit   'unique-filename': [ '1.1.1' ],
81 silly audit   'unique-slug': [ '2.0.2' ],
81 silly audit   unpipe: [ '1.0.0' ],
81 silly audit   unquote: [ '1.1.1' ],
81 silly audit   'unset-value': [ '1.0.0' ],
81 silly audit   upath: [ '2.0.1', '1.2.0' ],
81 silly audit   'update-browserslist-db': [ '1.2.3' ],
81 silly audit   'upper-case': [ '1.1.3' ],
81 silly audit   'uri-js': [ '4.4.1' ],
81 silly audit   urix: [ '0.1.0' ],
81 silly audit   url: [ '0.11.4' ],
81 silly audit   'url-loader': [ '4.1.1' ],
81 silly audit   use: [ '3.1.1' ],
81 silly audit   'util-deprecate': [ '1.0.2' ],
81 silly audit   'util.promisify': [ '1.0.0' ],
81 silly audit   utila: [ '0.4.0' ],
81 silly audit   'utils-merge': [ '1.0.1' ],
81 silly audit   'validate-npm-package-license': [ '3.0.4' ],
81 silly audit   vary: [ '1.1.2' ],
81 silly audit   vendors: [ '1.0.4' ],
81 silly audit   'vm-browserify': [ '1.1.2' ],
81 silly audit   vue: [ '2.7.16' ],
81 silly audit   'vue-client-only': [ '2.1.0' ],
81 silly audit   'vue-eslint-parser': [ '8.3.0', '9.4.3' ],
81 silly audit   'vue-hot-reload-api': [ '2.3.4' ],
81 silly audit   'vue-loader': [ '15.11.1' ],
81 silly audit   'vue-meta': [ '2.4.0' ],
81 silly audit   'vue-no-ssr': [ '1.1.1' ],
81 silly audit   'vue-router': [ '3.6.5' ],
81 silly audit   'vue-server-renderer': [ '2.7.16' ],
81 silly audit   'vue-style-loader': [ '4.1.3' ],
81 silly audit   'vue-template-compiler': [ '2.7.16' ],
81 silly audit   'vue-template-es2015-compiler': [ '1.9.1' ],
81 silly audit   vuex: [ '3.6.2' ],
81 silly audit   watchpack: [ '1.7.5' ],
81 silly audit   'watchpack-chokidar2': [ '2.0.1' ],
81 silly audit   'webidl-conversions': [ '3.0.1' ],
81 silly audit   webpack: [ '4.47.0' ],
81 silly audit   'webpack-bundle-analyzer': [ '4.10.2' ],
81 silly audit   'webpack-dev-middleware': [ '4.3.0' ],
81 silly audit   'webpack-hot-middleware': [ '2.26.1' ],
81 silly audit   'webpack-node-externals': [ '3.0.0' ],
81 silly audit   'webpack-sources': [ '1.4.3' ],
81 silly audit   webpackbar: [ '4.0.0' ],
81 silly audit   'wrap-ansi': [ '6.2.0', '7.0.0' ],
81 silly audit   'whatwg-url': [ '5.0.0' ],
81 silly audit   which: [ '2.0.2' ],
81 silly audit   'which-boxed-primitive': [ '1.1.1' ],
81 silly audit   'which-builtin-type': [ '1.2.1' ],
81 silly audit   'which-collection': [ '1.0.2' ],
81 silly audit   'which-typed-array': [ '1.1.20' ],
81 silly audit   'widest-line': [ '3.1.0' ],
81 silly audit   'word-wrap': [ '1.2.5' ],
81 silly audit   'worker-farm': [ '1.7.0' ],
81 silly audit   wrappy: [ '1.0.2' ],
81 silly audit   'write-file-atomic': [ '2.4.3' ],
81 silly audit   'write-json-file': [ '2.3.0' ],
81 silly audit   ws: [ '7.5.10' ],
81 silly audit   xtend: [ '4.0.2' ],
81 silly audit   xxhashjs: [ '0.2.2' ],
81 silly audit   y18n: [ '4.0.3' ],
81 silly audit   'yocto-queue': [ '0.1.0' ],
81 silly audit   'eslint-plugin-nuxt': [ '4.0.0' ],
81 silly audit   yaml: [ '1.10.2' ],
81 silly audit   'xml-name-validator': [ '4.0.0' ]
81 silly audit }
82 http cache fsevents@https://registry.npmjs.org/fsevents/-/fsevents-2.3.3.tgz 0ms (cache hit)
83 http cache xml-name-validator@https://registry.npmjs.org/xml-name-validator/-/xml-name-validator-4.0.0.tgz 0ms (cache hit)
84 http cache eslint-plugin-nuxt@https://registry.npmjs.org/eslint-plugin-nuxt/-/eslint-plugin-nuxt-4.0.0.tgz 0ms (cache hit)
85 http cache eslint-visitor-keys@https://registry.npmjs.org/eslint-visitor-keys/-/eslint-visitor-keys-3.4.3.tgz 0ms (cache hit)
86 http cache yaml@https://registry.npmjs.org/yaml/-/yaml-1.10.2.tgz 0ms (cache hit)
87 silly tarball no local data for xml-name-validator@https://registry.npmjs.org/xml-name-validator/-/xml-name-validator-4.0.0.tgz. Extracting by manifest.
88 silly tarball no local data for eslint-plugin-nuxt@https://registry.npmjs.org/eslint-plugin-nuxt/-/eslint-plugin-nuxt-4.0.0.tgz. Extracting by manifest.
89 http cache eslint-plugin-vue@https://registry.npmjs.org/eslint-plugin-vue/-/eslint-plugin-vue-9.33.0.tgz 0ms (cache hit)
90 http cache vue-eslint-parser@https://registry.npmjs.org/vue-eslint-parser/-/vue-eslint-parser-9.4.3.tgz 0ms (cache hit)
91 silly tarball no local data for eslint-plugin-vue@https://registry.npmjs.org/eslint-plugin-vue/-/eslint-plugin-vue-9.33.0.tgz. Extracting by manifest.
92 http cache semver@https://registry.npmjs.org/semver/-/semver-7.7.3.tgz 0ms (cache hit)
93 silly tarball no local data for vue-eslint-parser@https://registry.npmjs.org/vue-eslint-parser/-/vue-eslint-parser-9.4.3.tgz. Extracting by manifest.
94 http fetch GET 200 https://registry.npmjs.org/xml-name-validator/-/xml-name-validator-4.0.0.tgz 61ms (cache miss)
95 http fetch GET 200 https://registry.npmjs.org/eslint-plugin-nuxt/-/eslint-plugin-nuxt-4.0.0.tgz 69ms (cache miss)
96 http fetch GET 200 https://registry.npmjs.org/vue-eslint-parser/-/vue-eslint-parser-9.4.3.tgz 70ms (cache miss)
97 http fetch GET 200 https://registry.npmjs.org/eslint-plugin-vue/-/eslint-plugin-vue-9.33.0.tgz 110ms (cache miss)
98 http fetch POST 200 https://registry.npmjs.org/-/npm/v1/security/advisories/bulk 282ms
99 silly audit report {
99 silly audit report   postcss: [
99 silly audit report     {
99 silly audit report       id: 1109574,
99 silly audit report       url: 'https://github.com/advisories/GHSA-7fh5-64p2-3v2j',
99 silly audit report       title: 'PostCSS line return parsing error',
99 silly audit report       severity: 'moderate',
99 silly audit report       vulnerable_versions: '<8.4.31',
99 silly audit report       cwe: [Array],
99 silly audit report       cvss: [Object]
99 silly audit report     }
99 silly audit report   ],
99 silly audit report   braces: [
99 silly audit report     {
99 silly audit report       id: 1098094,
99 silly audit report       url: 'https://github.com/advisories/GHSA-grv7-fg5c-xmjg',
99 silly audit report       title: 'Uncontrolled resource consumption in braces',
99 silly audit report       severity: 'high',
99 silly audit report       vulnerable_versions: '<3.0.3',
99 silly audit report       cwe: [Array],
99 silly audit report       cvss: [Object]
99 silly audit report     }
99 silly audit report   ],
99 silly audit report   cookie: [
99 silly audit report     {
99 silly audit report       id: 1103907,
99 silly audit report       url: 'https://github.com/advisories/GHSA-pxg6-pf52-xh8x',
99 silly audit report       title: 'cookie accepts cookie name, path, and domain with out of bounds characters',
99 silly audit report       severity: 'low',
99 silly audit report       vulnerable_versions: '<0.7.0',
99 silly audit report       cwe: [Array],
99 silly audit report       cvss: [Object]
99 silly audit report     }
99 silly audit report   ],
99 silly audit report   devalue: [
99 silly audit report     {
99 silly audit report       id: 1106997,
99 silly audit report       url: 'https://github.com/advisories/GHSA-vj54-72f3-p5jv',
99 silly audit report       title: 'devalue prototype pollution vulnerability',
99 silly audit report       severity: 'high',
99 silly audit report       vulnerable_versions: '<5.3.2',
99 silly audit report       cwe: [Array],
99 silly audit report       cvss: [Object]
99 silly audit report     }
99 silly audit report   ],
99 silly audit report   elliptic: [
99 silly audit report     {
99 silly audit report       id: 1112030,
99 silly audit report       url: 'https://github.com/advisories/GHSA-848j-6mx2-7j84',
99 silly audit report       title: 'Elliptic Uses a Cryptographic Primitive with a Risky Implementation',
99 silly audit report       severity: 'low',
99 silly audit report       vulnerable_versions: '<=6.6.1',
99 silly audit report       cwe: [Array],
99 silly audit report       cvss: [Object]
99 silly audit report     }
99 silly audit report   ],
99 silly audit report   'html-minifier': [
99 silly audit report     {
99 silly audit report       id: 1105440,
99 silly audit report       url: 'https://github.com/advisories/GHSA-pfq8-rq6v-vf5m',
99 silly audit report       title: 'kangax html-minifier REDoS vulnerability',
99 silly audit report       severity: 'high',
99 silly audit report       vulnerable_versions: '<=4.0.0',
99 silly audit report       cwe: [Array],
99 silly audit report       cvss: [Object]
99 silly audit report     }
99 silly audit report   ],
99 silly audit report   ip: [
99 silly audit report     {
99 silly audit report       id: 1101851,
99 silly audit report       url: 'https://github.com/advisories/GHSA-2p57-rm9w-gvfp',
99 silly audit report       title: 'ip SSRF improper categorization in isPublic',
99 silly audit report       severity: 'high',
99 silly audit report       vulnerable_versions: '<=2.0.1',
99 silly audit report       cwe: [Array],
99 silly audit report       cvss: [Object]
99 silly audit report     }
99 silly audit report   ],
99 silly audit report   'lodash.template': [
99 silly audit report     {
99 silly audit report       id: 1106902,
99 silly audit report       url: 'https://github.com/advisories/GHSA-35jh-r3h4-6jhm',
99 silly audit report       title: 'Command Injection in lodash',
99 silly audit report       severity: 'high',
99 silly audit report       vulnerable_versions: '<=4.5.0',
99 silly audit report       cwe: [Array],
99 silly audit report       cvss: [Object]
99 silly audit report     }
99 silly audit report   ],
99 silly audit report   micromatch: [
99 silly audit report     {
99 silly audit report       id: 1098681,
99 silly audit report       url: 'https://github.com/advisories/GHSA-952p-6rrq-rcjv',
99 silly audit report       title: 'Regular Expression Denial of Service (ReDoS) in micromatch',
99 silly audit report       severity: 'moderate',
99 silly audit report       vulnerable_versions: '<4.0.8',
99 silly audit report       cwe: [Array],
99 silly audit report       cvss: [Object]
99 silly audit report     }
99 silly audit report   ],
99 silly audit report   'nth-check': [
99 silly audit report     {
99 silly audit report       id: 1095141,
99 silly audit report       url: 'https://github.com/advisories/GHSA-rp65-9cf3-cjxr',
99 silly audit report       title: 'Inefficient Regular Expression Complexity in nth-check',
99 silly audit report       severity: 'high',
99 silly audit report       vulnerable_versions: '<2.0.1',
99 silly audit report       cwe: [Array],
99 silly audit report       cvss: [Object]
99 silly audit report     }
99 silly audit report   ],
99 silly audit report   nuxt: [
99 silly audit report     {
99 silly audit report       id: 1104498,
99 silly audit report       url: 'https://github.com/advisories/GHSA-vf6r-87q4-2vjf',
99 silly audit report       title: 'nuxt vulnerable to Cross-site Scripting in navigateTo if used after SSR',
99 silly audit report       severity: 'moderate',
99 silly audit report       vulnerable_versions: '<3.12.4',
99 silly audit report       cwe: [Array],
99 silly audit report       cvss: [Object]
99 silly audit report     }
99 silly audit report   ],
99 silly audit report   'parse-git-config': [
99 silly audit report     {
99 silly audit report       id: 1103364,
99 silly audit report       url: 'https://github.com/advisories/GHSA-8g77-54rh-46hx',
99 silly audit report       title: 'Prototype Pollution Vulnerability in parse-git-config',
99 silly audit report       severity: 'high',
99 silly audit report       vulnerable_versions: '<=3.0.0',
99 silly audit report       cwe: [Array],
99 silly audit report       cvss: [Object]
99 silly audit report     }
99 silly audit report   ],
99 silly audit report   tar: [
99 silly audit report     {
99 silly audit report       id: 1112255,
99 silly audit report       url: 'https://github.com/advisories/GHSA-8qq5-rm4j-mr97',
99 silly audit report       title: 'node-tar is Vulnerable to Arbitrary File Overwrite and Symlink Poisoning via Insufficient Path Sanitization',
99 silly audit report       severity: 'high',
99 silly audit report       vulnerable_versions: '<=7.5.2',
99 silly audit report       cwe: [Array],
99 silly audit report       cvss: [Object]
99 silly audit report     },
99 silly audit report     {
99 silly audit report       id: 1112329,
99 silly audit report       url: 'https://github.com/advisories/GHSA-r6q2-hw4h-h46w',
99 silly audit report       title: 'Race Condition in node-tar Path Reservations via Unicode Ligature Collisions on macOS APFS',
99 silly audit report       severity: 'high',
99 silly audit report       vulnerable_versions: '<=7.5.3',
99 silly audit report       cwe: [Array],
99 silly audit report       cvss: [Object]
99 silly audit report     },
99 silly audit report     {
99 silly audit report       id: 1112659,
99 silly audit report       url: 'https://github.com/advisories/GHSA-34x7-hfp2-rc4v',
99 silly audit report       title: 'node-tar Vulnerable to Arbitrary File Creation/Overwrite via Hardlink Path Traversal',
99 silly audit report       severity: 'high',
99 silly audit report       vulnerable_versions: '<7.5.7',
99 silly audit report       cwe: [Array],
99 silly audit report       cvss: [Object]
99 silly audit report     }
99 silly audit report   ],
99 silly audit report   tmp: [
99 silly audit report     {
99 silly audit report       id: 1109537,
99 silly audit report       url: 'https://github.com/advisories/GHSA-52f5-9888-hmc6',
99 silly audit report       title: 'tmp allows arbitrary temporary file / directory write via symbolic link `dir` parameter',
99 silly audit report       severity: 'low',
99 silly audit report       vulnerable_versions: '<=0.2.3',
99 silly audit report       cwe: [Array],
99 silly audit report       cvss: [Object]
99 silly audit report     }
99 silly audit report   ],
99 silly audit report   vue: [
99 silly audit report     {
99 silly audit report       id: 1100238,
99 silly audit report       url: 'https://github.com/advisories/GHSA-5j4c-8p2g-v4jx',
99 silly audit report       title: 'ReDoS vulnerability in vue package that is exploitable through inefficient regex evaluation in the parseHTML function',
99 silly audit report       severity: 'low',
99 silly audit report       vulnerable_versions: '>=2.0.0-alpha.1 <3.0.0-alpha.0',
99 silly audit report       cwe: [Array],
99 silly audit report       cvss: [Object]
99 silly audit report     }
99 silly audit report   ],
99 silly audit report   'vue-template-compiler': [
99 silly audit report     {
99 silly audit report       id: 1111772,
99 silly audit report       url: 'https://github.com/advisories/GHSA-g3ch-rx76-35fx',
99 silly audit report       title: 'vue-template-compiler vulnerable to client-side Cross-Site Scripting (XSS)',
99 silly audit report       severity: 'moderate',
99 silly audit report       vulnerable_versions: '>=2.0.0 <3.0.0',
99 silly audit report       cwe: [Array],
99 silly audit report       cvss: [Object]
99 silly audit report     }
99 silly audit report   ],
99 silly audit report   'webpack-dev-middleware': [
99 silly audit report     {
99 silly audit report       id: 1096729,
99 silly audit report       url: 'https://github.com/advisories/GHSA-wr3j-pwj9-hqq6',
99 silly audit report       title: 'Path traversal in webpack-dev-middleware',
99 silly audit report       severity: 'high',
99 silly audit report       vulnerable_versions: '<=5.3.3',
99 silly audit report       cwe: [Array],
99 silly audit report       cvss: [Object]
99 silly audit report     }
99 silly audit report   ]
99 silly audit report }
100 silly packumentCache corgi:https://registry.npmjs.org/postcss cache-miss
101 silly packumentCache corgi:https://registry.npmjs.org/braces cache-miss
102 silly packumentCache corgi:https://registry.npmjs.org/cookie cache-miss
103 silly packumentCache corgi:https://registry.npmjs.org/devalue cache-miss
104 silly packumentCache corgi:https://registry.npmjs.org/elliptic cache-miss
105 silly packumentCache corgi:https://registry.npmjs.org/html-minifier cache-miss
106 silly packumentCache corgi:https://registry.npmjs.org/ip cache-miss
107 silly packumentCache corgi:https://registry.npmjs.org/lodash.template cache-miss
108 silly packumentCache corgi:https://registry.npmjs.org/micromatch cache-miss
109 silly packumentCache corgi:https://registry.npmjs.org/nth-check cache-miss
110 silly packumentCache corgi:https://registry.npmjs.org/nuxt cache-miss
111 silly packumentCache corgi:https://registry.npmjs.org/parse-git-config cache-miss
112 silly packumentCache corgi:https://registry.npmjs.org/tar cache-miss
113 silly packumentCache corgi:https://registry.npmjs.org/tmp cache-miss
114 silly packumentCache corgi:https://registry.npmjs.org/vue cache-miss
115 silly packumentCache corgi:https://registry.npmjs.org/vue-template-compiler cache-miss
116 silly packumentCache corgi:https://registry.npmjs.org/webpack-dev-middleware cache-miss
117 http cache https://registry.npmjs.org/ip 128ms (cache hit)
118 silly packumentCache corgi:https://registry.npmjs.org/ip set size:17316 disposed:false
119 http cache https://registry.npmjs.org/lodash.template 129ms (cache hit)
120 silly packumentCache corgi:https://registry.npmjs.org/lodash.template set size:28308 disposed:false
121 http cache https://registry.npmjs.org/braces 130ms (cache hit)
122 silly packumentCache corgi:https://registry.npmjs.org/braces set size:35919 disposed:false
123 http cache https://registry.npmjs.org/devalue 129ms (cache hit)
124 silly packumentCache corgi:https://registry.npmjs.org/devalue set size:43723 disposed:false
125 http cache https://registry.npmjs.org/nth-check 130ms (cache hit)
126 silly packumentCache corgi:https://registry.npmjs.org/nth-check set size:10078 disposed:false
127 http cache https://registry.npmjs.org/micromatch 130ms (cache hit)
128 silly packumentCache corgi:https://registry.npmjs.org/micromatch set size:71776 disposed:false
129 http cache https://registry.npmjs.org/webpack-dev-middleware 130ms (cache hit)
130 silly packumentCache corgi:https://registry.npmjs.org/webpack-dev-middleware set size:169900 disposed:false
131 http cache https://registry.npmjs.org/html-minifier 132ms (cache hit)
132 silly packumentCache corgi:https://registry.npmjs.org/html-minifier set size:78247 disposed:false
133 http cache https://registry.npmjs.org/elliptic 132ms (cache hit)
134 silly packumentCache corgi:https://registry.npmjs.org/elliptic set size:67039 disposed:false
135 http cache https://registry.npmjs.org/tar 133ms (cache hit)
136 silly packumentCache corgi:https://registry.npmjs.org/tar set size:193467 disposed:false
137 http cache https://registry.npmjs.org/cookie 135ms (cache hit)
138 silly packumentCache corgi:https://registry.npmjs.org/cookie set size:23677 disposed:false
139 http cache https://registry.npmjs.org/parse-git-config 135ms (cache hit)
140 silly packumentCache corgi:https://registry.npmjs.org/parse-git-config set size:14916 disposed:false
141 http cache https://registry.npmjs.org/postcss 136ms (cache hit)
142 silly packumentCache corgi:https://registry.npmjs.org/postcss set size:337129 disposed:false
143 http cache https://registry.npmjs.org/tmp 137ms (cache hit)
144 silly packumentCache corgi:https://registry.npmjs.org/tmp set size:23979 disposed:false
145 http cache https://registry.npmjs.org/vue-template-compiler 136ms (cache hit)
146 silly packumentCache corgi:https://registry.npmjs.org/vue-template-compiler set size:145473 disposed:false
147 http cache https://registry.npmjs.org/vue 139ms (cache hit)
148 silly packumentCache corgi:https://registry.npmjs.org/vue set size:847954 disposed:false
149 http cache https://registry.npmjs.org/nuxt 143ms (cache hit)
150 silly packumentCache corgi:https://registry.npmjs.org/nuxt set size:928646 disposed:false
151 silly packumentCache corgi:https://registry.npmjs.org/@nuxt%2fwebpack cache-miss
152 silly packumentCache corgi:https://registry.npmjs.org/css-loader cache-miss
153 silly packumentCache corgi:https://registry.npmjs.org/icss-utils cache-miss
154 silly packumentCache corgi:https://registry.npmjs.org/postcss-import cache-miss
155 silly packumentCache corgi:https://registry.npmjs.org/postcss-loader cache-miss
156 silly packumentCache corgi:https://registry.npmjs.org/postcss-modules-extract-imports cache-miss
157 silly packumentCache corgi:https://registry.npmjs.org/postcss-modules-local-by-default cache-miss
158 silly packumentCache corgi:https://registry.npmjs.org/postcss-modules-scope cache-miss
159 silly packumentCache corgi:https://registry.npmjs.org/postcss-modules-values cache-miss
160 silly packumentCache corgi:https://registry.npmjs.org/postcss-url cache-miss
161 silly packumentCache corgi:https://registry.npmjs.org/@vue%2fcomponent-compiler-utils cache-miss
162 silly packumentCache corgi:https://registry.npmjs.org/css-blank-pseudo cache-miss
163 silly packumentCache corgi:https://registry.npmjs.org/css-declaration-sorter cache-miss
164 silly packumentCache corgi:https://registry.npmjs.org/css-has-pseudo cache-miss
165 silly packumentCache corgi:https://registry.npmjs.org/css-prefers-color-scheme cache-miss
166 silly packumentCache corgi:https://registry.npmjs.org/cssnano-preset-default cache-miss
167 silly packumentCache corgi:https://registry.npmjs.org/cssnano-util-raw-cache cache-miss
168 silly packumentCache corgi:https://registry.npmjs.org/cssnano cache-miss
169 silly packumentCache corgi:https://registry.npmjs.org/postcss-attribute-case-insensitive cache-miss
170 silly packumentCache corgi:https://registry.npmjs.org/postcss-calc cache-miss
171 silly packumentCache corgi:https://registry.npmjs.org/postcss-color-functional-notation cache-miss
172 silly packumentCache corgi:https://registry.npmjs.org/postcss-color-gray cache-miss
173 silly packumentCache corgi:https://registry.npmjs.org/postcss-color-hex-alpha cache-miss
174 silly packumentCache corgi:https://registry.npmjs.org/postcss-color-mod-function cache-miss
175 silly packumentCache corgi:https://registry.npmjs.org/postcss-color-rebeccapurple cache-miss
176 silly packumentCache corgi:https://registry.npmjs.org/postcss-colormin cache-miss
177 silly packumentCache corgi:https://registry.npmjs.org/postcss-convert-values cache-miss
178 silly packumentCache corgi:https://registry.npmjs.org/postcss-custom-media cache-miss
179 silly packumentCache corgi:https://registry.npmjs.org/postcss-custom-properties cache-miss
180 silly packumentCache corgi:https://registry.npmjs.org/postcss-custom-selectors cache-miss
181 silly packumentCache corgi:https://registry.npmjs.org/postcss-dir-pseudo-class cache-miss
182 silly packumentCache corgi:https://registry.npmjs.org/postcss-discard-comments cache-miss
183 silly packumentCache corgi:https://registry.npmjs.org/postcss-discard-duplicates cache-miss
184 silly packumentCache corgi:https://registry.npmjs.org/postcss-discard-empty cache-miss
185 silly packumentCache corgi:https://registry.npmjs.org/postcss-discard-overridden cache-miss
186 silly packumentCache corgi:https://registry.npmjs.org/postcss-double-position-gradients cache-miss
187 silly packumentCache corgi:https://registry.npmjs.org/postcss-env-function cache-miss
188 silly packumentCache corgi:https://registry.npmjs.org/postcss-focus-visible cache-miss
189 silly packumentCache corgi:https://registry.npmjs.org/postcss-focus-within cache-miss
190 silly packumentCache corgi:https://registry.npmjs.org/postcss-font-variant cache-miss
191 silly packumentCache corgi:https://registry.npmjs.org/postcss-gap-properties cache-miss
192 silly packumentCache corgi:https://registry.npmjs.org/postcss-image-set-function cache-miss
193 silly packumentCache corgi:https://registry.npmjs.org/postcss-initial cache-miss
194 silly packumentCache corgi:https://registry.npmjs.org/postcss-lab-function cache-miss
195 silly packumentCache corgi:https://registry.npmjs.org/postcss-logical cache-miss
196 silly packumentCache corgi:https://registry.npmjs.org/postcss-media-minmax cache-miss
197 silly packumentCache corgi:https://registry.npmjs.org/postcss-merge-longhand cache-miss
198 silly packumentCache corgi:https://registry.npmjs.org/postcss-merge-rules cache-miss
199 silly packumentCache corgi:https://registry.npmjs.org/postcss-minify-font-values cache-miss
200 silly packumentCache corgi:https://registry.npmjs.org/postcss-minify-gradients cache-miss
201 silly packumentCache corgi:https://registry.npmjs.org/postcss-minify-params cache-miss
202 silly packumentCache corgi:https://registry.npmjs.org/postcss-minify-selectors cache-miss
203 silly packumentCache corgi:https://registry.npmjs.org/postcss-nesting cache-miss
204 silly packumentCache corgi:https://registry.npmjs.org/postcss-normalize-charset cache-miss
205 silly packumentCache corgi:https://registry.npmjs.org/postcss-normalize-display-values cache-miss
206 silly packumentCache corgi:https://registry.npmjs.org/postcss-normalize-positions cache-miss
207 silly packumentCache corgi:https://registry.npmjs.org/postcss-normalize-repeat-style cache-miss
208 silly packumentCache corgi:https://registry.npmjs.org/postcss-normalize-string cache-miss
209 silly packumentCache corgi:https://registry.npmjs.org/postcss-normalize-timing-functions cache-miss
210 silly packumentCache corgi:https://registry.npmjs.org/postcss-normalize-unicode cache-miss
211 silly packumentCache corgi:https://registry.npmjs.org/postcss-normalize-url cache-miss
212 silly packumentCache corgi:https://registry.npmjs.org/postcss-normalize-whitespace cache-miss
213 silly packumentCache corgi:https://registry.npmjs.org/postcss-ordered-values cache-miss
214 silly packumentCache corgi:https://registry.npmjs.org/postcss-overflow-shorthand cache-miss
215 silly packumentCache corgi:https://registry.npmjs.org/postcss-page-break cache-miss
216 silly packumentCache corgi:https://registry.npmjs.org/postcss-place cache-miss
217 silly packumentCache corgi:https://registry.npmjs.org/postcss-preset-env cache-miss
218 silly packumentCache corgi:https://registry.npmjs.org/autoprefixer cache-miss
219 silly packumentCache corgi:https://registry.npmjs.org/postcss-pseudo-class-any-link cache-miss
220 silly packumentCache corgi:https://registry.npmjs.org/postcss-reduce-initial cache-miss
221 silly packumentCache corgi:https://registry.npmjs.org/postcss-reduce-transforms cache-miss
222 silly packumentCache corgi:https://registry.npmjs.org/postcss-replace-overflow-wrap cache-miss
223 silly packumentCache corgi:https://registry.npmjs.org/postcss-selector-matches cache-miss
224 silly packumentCache corgi:https://registry.npmjs.org/postcss-selector-not cache-miss
225 silly packumentCache corgi:https://registry.npmjs.org/postcss-svgo cache-miss
226 silly packumentCache corgi:https://registry.npmjs.org/postcss-unique-selectors cache-miss
227 silly packumentCache corgi:https://registry.npmjs.org/stylehacks cache-miss
228 http cache https://registry.npmjs.org/postcss-modules-values 88ms (cache hit)
229 silly packumentCache corgi:https://registry.npmjs.org/postcss-modules-values set size:22165 disposed:false
230 http cache https://registry.npmjs.org/postcss-url 88ms (cache hit)
231 silly packumentCache corgi:https://registry.npmjs.org/postcss-url set size:45585 disposed:false
232 http cache https://registry.npmjs.org/postcss-modules-local-by-default 89ms (cache hit)
233 silly packumentCache corgi:https://registry.npmjs.org/postcss-modules-local-by-default set size:48451 disposed:false
234 http cache https://registry.npmjs.org/css-blank-pseudo 88ms (cache hit)
235 silly packumentCache corgi:https://registry.npmjs.org/css-blank-pseudo set size:35734 disposed:false
236 http cache https://registry.npmjs.org/icss-utils 89ms (cache hit)
237 silly packumentCache corgi:https://registry.npmjs.org/icss-utils set size:13079 disposed:false
238 http cache https://registry.npmjs.org/@nuxt%2fwebpack 91ms (cache hit)
239 silly packumentCache corgi:https://registry.npmjs.org/@nuxt%2fwebpack set size:169750 disposed:false
240 http cache https://registry.npmjs.org/css-prefers-color-scheme 89ms (cache hit)
241 silly packumentCache corgi:https://registry.npmjs.org/css-prefers-color-scheme set size:30626 disposed:false
242 http cache https://registry.npmjs.org/postcss-loader 91ms (cache hit)
243 silly packumentCache corgi:https://registry.npmjs.org/postcss-loader set size:132485 disposed:false
244 http cache https://registry.npmjs.org/css-has-pseudo 90ms (cache hit)
245 silly packumentCache corgi:https://registry.npmjs.org/css-has-pseudo set size:51534 disposed:false
246 http cache https://registry.npmjs.org/css-loader 92ms (cache hit)
247 silly packumentCache corgi:https://registry.npmjs.org/css-loader set size:241429 disposed:false
248 http cache https://registry.npmjs.org/postcss-modules-extract-imports 94ms (cache hit)
249 silly packumentCache corgi:https://registry.npmjs.org/postcss-modules-extract-imports set size:20843 disposed:false
250 http cache https://registry.npmjs.org/postcss-modules-scope 94ms (cache hit)
251 silly packumentCache corgi:https://registry.npmjs.org/postcss-modules-scope set size:31384 disposed:false
252 http cache https://registry.npmjs.org/postcss-calc 92ms (cache hit)
253 silly packumentCache corgi:https://registry.npmjs.org/postcss-calc set size:45697 disposed:false
254 http cache https://registry.npmjs.org/@vue%2fcomponent-compiler-utils 94ms (cache hit)
255 silly packumentCache corgi:https://registry.npmjs.org/@vue%2fcomponent-compiler-utils set size:56306 disposed:false
256 http cache https://registry.npmjs.org/css-declaration-sorter 94ms (cache hit)
257 silly packumentCache corgi:https://registry.npmjs.org/css-declaration-sorter set size:57255 disposed:false
258 http cache https://registry.npmjs.org/postcss-import 95ms (cache hit)
259 silly packumentCache corgi:https://registry.npmjs.org/postcss-import set size:52251 disposed:false
260 http cache https://registry.npmjs.org/postcss-attribute-case-insensitive 95ms (cache hit)
261 silly packumentCache corgi:https://registry.npmjs.org/postcss-attribute-case-insensitive set size:25828 disposed:false
262 http cache https://registry.npmjs.org/postcss-color-rebeccapurple 94ms (cache hit)
263 silly packumentCache corgi:https://registry.npmjs.org/postcss-color-rebeccapurple set size:30583 disposed:false
264 http cache https://registry.npmjs.org/postcss-colormin 94ms (cache hit)
265 silly packumentCache corgi:https://registry.npmjs.org/postcss-colormin set size:85473 disposed:false
266 http cache https://registry.npmjs.org/postcss-discard-comments 94ms (cache hit)
267 silly packumentCache corgi:https://registry.npmjs.org/postcss-discard-comments set size:67819 disposed:false
268 http cache https://registry.npmjs.org/postcss-color-mod-function 95ms (cache hit)
269 silly packumentCache corgi:https://registry.npmjs.org/postcss-color-mod-function set size:19176 disposed:false
270 http cache https://registry.npmjs.org/postcss-color-functional-notation 95ms (cache hit)
271 silly packumentCache corgi:https://registry.npmjs.org/postcss-color-functional-notation set size:66022 disposed:false
272 http cache https://registry.npmjs.org/postcss-custom-media 96ms (cache hit)
273 silly packumentCache corgi:https://registry.npmjs.org/postcss-custom-media set size:58525 disposed:false
274 http cache https://registry.npmjs.org/postcss-dir-pseudo-class 95ms (cache hit)
275 silly packumentCache corgi:https://registry.npmjs.org/postcss-dir-pseudo-class set size:26189 disposed:false
276 http cache https://registry.npmjs.org/postcss-custom-selectors 96ms (cache hit)
277 silly packumentCache corgi:https://registry.npmjs.org/postcss-custom-selectors set size:46862 disposed:false
278 http cache https://registry.npmjs.org/cssnano-util-raw-cache 97ms (cache hit)
279 silly packumentCache corgi:https://registry.npmjs.org/cssnano-util-raw-cache set size:3689 disposed:false
280 http cache https://registry.npmjs.org/cssnano 98ms (cache hit)
281 silly packumentCache corgi:https://registry.npmjs.org/cssnano set size:239771 disposed:false
282 http cache https://registry.npmjs.org/postcss-color-hex-alpha 98ms (cache hit)
283 silly packumentCache corgi:https://registry.npmjs.org/postcss-color-hex-alpha set size:32873 disposed:false
284 http cache https://registry.npmjs.org/postcss-double-position-gradients 97ms (cache hit)
285 silly packumentCache corgi:https://registry.npmjs.org/postcss-double-position-gradients set size:38824 disposed:false
286 http cache https://registry.npmjs.org/postcss-focus-visible 98ms (cache hit)
287 silly packumentCache corgi:https://registry.npmjs.org/postcss-focus-visible set size:24915 disposed:false
288 http cache https://registry.npmjs.org/postcss-convert-values 99ms (cache hit)
289 silly packumentCache corgi:https://registry.npmjs.org/postcss-convert-values set size:87842 disposed:false
290 http cache https://registry.npmjs.org/postcss-color-gray 99ms (cache hit)
291 silly packumentCache corgi:https://registry.npmjs.org/postcss-color-gray set size:8670 disposed:false
292 http cache https://registry.npmjs.org/postcss-initial 97ms (cache hit)
293 silly packumentCache corgi:https://registry.npmjs.org/postcss-initial set size:17055 disposed:false
294 http cache https://registry.npmjs.org/postcss-custom-properties 100ms (cache hit)
295 silly packumentCache corgi:https://registry.npmjs.org/postcss-custom-properties set size:119899 disposed:false
296 http cache https://registry.npmjs.org/postcss-discard-empty 99ms (cache hit)
297 silly packumentCache corgi:https://registry.npmjs.org/postcss-discard-empty set size:54777 disposed:false
298 http cache https://registry.npmjs.org/postcss-font-variant 99ms (cache hit)
299 silly packumentCache corgi:https://registry.npmjs.org/postcss-font-variant set size:9720 disposed:false
300 http cache https://registry.npmjs.org/postcss-focus-within 100ms (cache hit)
301 silly packumentCache corgi:https://registry.npmjs.org/postcss-focus-within set size:26330 disposed:false
302 http cache https://registry.npmjs.org/postcss-discard-overridden 100ms (cache hit)
303 silly packumentCache corgi:https://registry.npmjs.org/postcss-discard-overridden set size:51482 disposed:false
304 http cache https://registry.npmjs.org/postcss-merge-longhand 99ms (cache hit)
305 silly packumentCache corgi:https://registry.npmjs.org/postcss-merge-longhand set size:90672 disposed:false
306 http cache https://registry.npmjs.org/postcss-media-minmax 100ms (cache hit)
307 silly packumentCache corgi:https://registry.npmjs.org/postcss-media-minmax set size:7881 disposed:false
308 http cache https://registry.npmjs.org/postcss-gap-properties 101ms (cache hit)
309 silly packumentCache corgi:https://registry.npmjs.org/postcss-gap-properties set size:19023 disposed:false
310 http cache https://registry.npmjs.org/cssnano-preset-default 103ms (cache hit)
311 silly packumentCache corgi:https://registry.npmjs.org/cssnano-preset-default set size:195400 disposed:false
312 http cache https://registry.npmjs.org/postcss-discard-duplicates 102ms (cache hit)
313 silly packumentCache corgi:https://registry.npmjs.org/postcss-discard-duplicates set size:60821 disposed:false
314 http cache https://registry.npmjs.org/postcss-minify-font-values 101ms (cache hit)
315 silly packumentCache corgi:https://registry.npmjs.org/postcss-minify-font-values set size:58439 disposed:false
316 http cache https://registry.npmjs.org/postcss-image-set-function 102ms (cache hit)
317 silly packumentCache corgi:https://registry.npmjs.org/postcss-image-set-function set size:30186 disposed:false
318 http cache https://registry.npmjs.org/postcss-minify-gradients 102ms (cache hit)
319 silly packumentCache corgi:https://registry.npmjs.org/postcss-minify-gradients set size:64179 disposed:false
320 http cache https://registry.npmjs.org/postcss-normalize-repeat-style 101ms (cache hit)
321 silly packumentCache corgi:https://registry.npmjs.org/postcss-normalize-repeat-style set size:55831 disposed:false
322 http cache https://registry.npmjs.org/postcss-merge-rules 102ms (cache hit)
323 silly packumentCache corgi:https://registry.npmjs.org/postcss-merge-rules set size:98929 disposed:false
324 http cache https://registry.npmjs.org/postcss-env-function 104ms (cache hit)
325 silly packumentCache corgi:https://registry.npmjs.org/postcss-env-function set size:25195 disposed:false
326 http cache https://registry.npmjs.org/postcss-nesting 102ms (cache hit)
327 silly packumentCache corgi:https://registry.npmjs.org/postcss-nesting set size:76475 disposed:false
328 http cache https://registry.npmjs.org/postcss-lab-function 104ms (cache hit)
329 silly packumentCache corgi:https://registry.npmjs.org/postcss-lab-function set size:79909 disposed:false
330 http cache https://registry.npmjs.org/postcss-normalize-charset 103ms (cache hit)
331 silly packumentCache corgi:https://registry.npmjs.org/postcss-normalize-charset set size:50015 disposed:false
332 http cache https://registry.npmjs.org/postcss-minify-selectors 104ms (cache hit)
333 silly packumentCache corgi:https://registry.npmjs.org/postcss-minify-selectors set size:80857 disposed:false
334 http cache https://registry.npmjs.org/postcss-normalize-positions 104ms (cache hit)
335 silly packumentCache corgi:https://registry.npmjs.org/postcss-normalize-positions set size:55037 disposed:false
336 http cache https://registry.npmjs.org/postcss-page-break 103ms (cache hit)
337 silly packumentCache corgi:https://registry.npmjs.org/postcss-page-break set size:10950 disposed:false
338 http cache https://registry.npmjs.org/postcss-minify-params 106ms (cache hit)
339 silly packumentCache corgi:https://registry.npmjs.org/postcss-minify-params set size:76669 disposed:false
340 http cache https://registry.npmjs.org/postcss-normalize-timing-functions 105ms (cache hit)
341 silly packumentCache corgi:https://registry.npmjs.org/postcss-normalize-timing-functions set size:52689 disposed:false
342 http cache https://registry.npmjs.org/postcss-normalize-whitespace 106ms (cache hit)
343 silly packumentCache corgi:https://registry.npmjs.org/postcss-normalize-whitespace set size:54644 disposed:false
344 http cache https://registry.npmjs.org/postcss-normalize-unicode 106ms (cache hit)
345 silly packumentCache corgi:https://registry.npmjs.org/postcss-normalize-unicode set size:58202 disposed:false
346 http cache https://registry.npmjs.org/postcss-normalize-display-values 106ms (cache hit)
347 silly packumentCache corgi:https://registry.npmjs.org/postcss-normalize-display-values set size:52477 disposed:false
348 http cache https://registry.npmjs.org/postcss-reduce-initial 106ms (cache hit)
349 silly packumentCache corgi:https://registry.npmjs.org/postcss-reduce-initial set size:63444 disposed:false
350 http cache https://registry.npmjs.org/postcss-replace-overflow-wrap 106ms (cache hit)
351 silly packumentCache corgi:https://registry.npmjs.org/postcss-replace-overflow-wrap set size:5243 disposed:false
352 http cache https://registry.npmjs.org/postcss-normalize-string 107ms (cache hit)
353 silly packumentCache corgi:https://registry.npmjs.org/postcss-normalize-string set size:52817 disposed:false
354 http cache https://registry.npmjs.org/postcss-normalize-url 107ms (cache hit)
355 silly packumentCache corgi:https://registry.npmjs.org/postcss-normalize-url set size:70414 disposed:false
356 http cache https://registry.npmjs.org/postcss-reduce-transforms 107ms (cache hit)
357 silly packumentCache corgi:https://registry.npmjs.org/postcss-reduce-transforms set size:57503 disposed:false
358 http cache https://registry.npmjs.org/postcss-logical 109ms (cache hit)
359 silly packumentCache corgi:https://registry.npmjs.org/postcss-logical set size:28962 disposed:false
360 http cache https://registry.npmjs.org/postcss-overflow-shorthand 107ms (cache hit)
361 silly packumentCache corgi:https://registry.npmjs.org/postcss-overflow-shorthand set size:19703 disposed:false
362 http cache https://registry.npmjs.org/postcss-ordered-values 109ms (cache hit)
363 silly packumentCache corgi:https://registry.npmjs.org/postcss-ordered-values set size:73795 disposed:false
364 http cache https://registry.npmjs.org/postcss-place 108ms (cache hit)
365 silly packumentCache corgi:https://registry.npmjs.org/postcss-place set size:27729 disposed:false
366 http cache https://registry.npmjs.org/postcss-pseudo-class-any-link 109ms (cache hit)
367 silly packumentCache corgi:https://registry.npmjs.org/postcss-pseudo-class-any-link set size:36043 disposed:false
368 http cache https://registry.npmjs.org/autoprefixer 109ms (cache hit)
369 silly packumentCache corgi:https://registry.npmjs.org/autoprefixer set size:294485 disposed:false
370 http cache https://registry.npmjs.org/postcss-selector-not 110ms (cache hit)
371 silly packumentCache corgi:https://registry.npmjs.org/postcss-selector-not set size:21595 disposed:false
372 http cache https://registry.npmjs.org/postcss-preset-env 111ms (cache hit)
373 silly packumentCache corgi:https://registry.npmjs.org/postcss-preset-env set size:449007 disposed:false
374 http cache https://registry.npmjs.org/postcss-selector-matches 113ms (cache hit)
375 silly packumentCache corgi:https://registry.npmjs.org/postcss-selector-matches set size:13646 disposed:false
376 http cache https://registry.npmjs.org/postcss-unique-selectors 113ms (cache hit)
377 silly packumentCache corgi:https://registry.npmjs.org/postcss-unique-selectors set size:60866 disposed:false
378 http cache https://registry.npmjs.org/stylehacks 113ms (cache hit)
379 silly packumentCache corgi:https://registry.npmjs.org/stylehacks set size:67207 disposed:false
380 http cache https://registry.npmjs.org/postcss-svgo 114ms (cache hit)
381 silly packumentCache corgi:https://registry.npmjs.org/postcss-svgo set size:68487 disposed:false
382 silly packumentCache corgi:https://registry.npmjs.org/chokidar cache-miss
383 http cache https://registry.npmjs.org/chokidar 4ms (cache hit)
384 silly packumentCache corgi:https://registry.npmjs.org/chokidar set size:119454 disposed:false
385 silly packumentCache corgi:https://registry.npmjs.org/@nuxtjs%2fyouch cache-miss
386 http cache https://registry.npmjs.org/@nuxtjs%2fyouch 3ms (cache hit)
387 silly packumentCache corgi:https://registry.npmjs.org/@nuxtjs%2fyouch set size:8833 disposed:false
388 silly packumentCache corgi:https://registry.npmjs.org/@nuxt%2fgenerator cache-miss
389 http cache https://registry.npmjs.org/@nuxt%2fgenerator 4ms (cache hit)
390 silly packumentCache corgi:https://registry.npmjs.org/@nuxt%2fgenerator set size:100762 disposed:false
391 silly packumentCache corgi:https://registry.npmjs.org/browserify-sign cache-miss
392 silly packumentCache corgi:https://registry.npmjs.org/create-ecdh cache-miss
393 http cache https://registry.npmjs.org/create-ecdh 3ms (cache hit)
394 silly packumentCache corgi:https://registry.npmjs.org/create-ecdh set size:10688 disposed:false
395 http cache https://registry.npmjs.org/browserify-sign 3ms (cache hit)
396 silly packumentCache corgi:https://registry.npmjs.org/browserify-sign set size:28184 disposed:false
397 silly packumentCache corgi:https://registry.npmjs.org/@nuxt%2fserver cache-miss
398 http cache https://registry.npmjs.org/@nuxt%2fserver 3ms (cache hit)
399 silly packumentCache corgi:https://registry.npmjs.org/@nuxt%2fserver set size:117082 disposed:false
400 silly packumentCache corgi:https://registry.npmjs.org/vue-server-renderer cache-miss
401 http cache https://registry.npmjs.org/vue-server-renderer 5ms (cache hit)
402 silly packumentCache corgi:https://registry.npmjs.org/vue-server-renderer set size:162455 disposed:false
403 silly packumentCache corgi:https://registry.npmjs.org/anymatch cache-miss
404 silly packumentCache corgi:https://registry.npmjs.org/readdirp cache-miss
405 silly packumentCache corgi:https://registry.npmjs.org/webpack cache-miss
406 http cache https://registry.npmjs.org/anymatch 3ms (cache hit)
407 silly packumentCache corgi:https://registry.npmjs.org/anymatch set size:18345 disposed:false
408 http cache https://registry.npmjs.org/readdirp 4ms (cache hit)
409 silly packumentCache corgi:https://registry.npmjs.org/readdirp set size:47123 disposed:false
410 http cache https://registry.npmjs.org/webpack 11ms (cache hit)
411 silly packumentCache corgi:https://registry.npmjs.org/webpack set size:1985120 disposed:false
412 silly packumentCache corgi:https://registry.npmjs.org/css-select cache-miss
413 http cache https://registry.npmjs.org/css-select 4ms (cache hit)
414 silly packumentCache corgi:https://registry.npmjs.org/css-select set size:48469 disposed:false
415 silly packumentCache corgi:https://registry.npmjs.org/@nuxt%2ftelemetry cache-miss
416 http cache https://registry.npmjs.org/@nuxt%2ftelemetry 5ms (cache hit)
417 silly packumentCache corgi:https://registry.npmjs.org/@nuxt%2ftelemetry set size:133612 disposed:false
418 silly packumentCache corgi:https://registry.npmjs.org/cacache cache-miss
419 http cache https://registry.npmjs.org/cacache 5ms (cache hit)
420 silly packumentCache corgi:https://registry.npmjs.org/cacache set size:155668 disposed:false
421 silly packumentCache corgi:https://registry.npmjs.org/external-editor cache-miss
422 http cache https://registry.npmjs.org/external-editor 5ms (cache hit)
423 silly packumentCache corgi:https://registry.npmjs.org/external-editor set size:17808 disposed:false
424 silly packumentCache corgi:https://registry.npmjs.org/@nuxt%2fvue-app cache-miss
425 silly packumentCache corgi:https://registry.npmjs.org/@nuxt%2fvue-renderer cache-miss
426 silly packumentCache corgi:https://registry.npmjs.org/@vue%2fbabel-preset-jsx cache-miss
427 silly packumentCache corgi:https://registry.npmjs.org/vuex cache-miss
428 http cache https://registry.npmjs.org/@vue%2fbabel-preset-jsx 5ms (cache hit)
429 silly packumentCache corgi:https://registry.npmjs.org/@vue%2fbabel-preset-jsx set size:30615 disposed:false
430 http cache https://registry.npmjs.org/vuex 7ms (cache hit)
431 silly packumentCache corgi:https://registry.npmjs.org/vuex set size:103258 disposed:false
432 http cache https://registry.npmjs.org/@nuxt%2fvue-renderer 8ms (cache hit)
433 silly packumentCache corgi:https://registry.npmjs.org/@nuxt%2fvue-renderer set size:105563 disposed:false
434 http cache https://registry.npmjs.org/@nuxt%2fvue-app 8ms (cache hit)
435 silly packumentCache corgi:https://registry.npmjs.org/@nuxt%2fvue-app set size:103347 disposed:false
436 silly packumentCache corgi:https://registry.npmjs.org/@nuxt%2fcomponents cache-miss
437 http cache https://registry.npmjs.org/@nuxt%2fcomponents 3ms (cache hit)
438 silly packumentCache corgi:https://registry.npmjs.org/@nuxt%2fcomponents set size:98059 disposed:false
439 silly packumentCache corgi:https://registry.npmjs.org/@nuxt%2fbuilder cache-miss
440 http cache https://registry.npmjs.org/@nuxt%2fbuilder 4ms (cache hit)
441 silly packumentCache corgi:https://registry.npmjs.org/@nuxt%2fbuilder set size:113393 disposed:false
442 silly packumentCache corgi:https://registry.npmjs.org/vue-loader cache-miss
443 http cache https://registry.npmjs.org/vue-loader 8ms (cache hit)
444 silly packumentCache corgi:https://registry.npmjs.org/vue-loader set size:575819 disposed:false
445 silly packumentCache corgi:https://registry.npmjs.org/optimize-css-assets-webpack-plugin cache-miss
446 http cache https://registry.npmjs.org/optimize-css-assets-webpack-plugin 4ms (cache hit)
447 silly packumentCache corgi:https://registry.npmjs.org/optimize-css-assets-webpack-plugin set size:35916 disposed:false
448 silly packumentCache corgi:https://registry.npmjs.org/watchpack-chokidar2 cache-miss
449 http cache https://registry.npmjs.org/watchpack-chokidar2 3ms (cache hit)
450 silly packumentCache corgi:https://registry.npmjs.org/watchpack-chokidar2 set size:3110 disposed:false
451 silly packumentCache corgi:https://registry.npmjs.org/crypto-browserify cache-miss
452 http cache https://registry.npmjs.org/crypto-browserify 3ms (cache hit)
453 silly packumentCache corgi:https://registry.npmjs.org/crypto-browserify set size:52098 disposed:false
454 silly packumentCache corgi:https://registry.npmjs.org/@nuxt%2fcore cache-miss
455 http cache https://registry.npmjs.org/@nuxt%2fcore 4ms (cache hit)
456 silly packumentCache corgi:https://registry.npmjs.org/@nuxt%2fcore set size:105645 disposed:false
457 silly packumentCache corgi:https://registry.npmjs.org/@nuxt%2ffriendly-errors-webpack-plugin cache-miss
458 silly packumentCache corgi:https://registry.npmjs.org/babel-loader cache-miss
459 silly packumentCache corgi:https://registry.npmjs.org/cache-loader cache-miss
460 silly packumentCache corgi:https://registry.npmjs.org/eslint-webpack-plugin cache-miss
461 silly packumentCache corgi:https://registry.npmjs.org/extract-css-chunks-webpack-plugin cache-miss
462 silly packumentCache corgi:https://registry.npmjs.org/file-loader cache-miss
463 silly packumentCache corgi:https://registry.npmjs.org/hard-source-webpack-plugin cache-miss
464 silly packumentCache corgi:https://registry.npmjs.org/html-webpack-plugin cache-miss
465 silly packumentCache corgi:https://registry.npmjs.org/style-resources-loader cache-miss
466 silly packumentCache corgi:https://registry.npmjs.org/terser-webpack-plugin cache-miss
467 silly packumentCache corgi:https://registry.npmjs.org/thread-loader cache-miss
468 silly packumentCache corgi:https://registry.npmjs.org/time-fix-plugin cache-miss
469 silly packumentCache corgi:https://registry.npmjs.org/url-loader cache-miss
470 silly packumentCache corgi:https://registry.npmjs.org/webpackbar cache-miss
471 http cache https://registry.npmjs.org/@nuxt%2ffriendly-errors-webpack-plugin 25ms (cache hit)
472 silly packumentCache corgi:https://registry.npmjs.org/@nuxt%2ffriendly-errors-webpack-plugin set size:13871 disposed:false
473 http cache https://registry.npmjs.org/eslint-webpack-plugin 26ms (cache hit)
474 silly packumentCache corgi:https://registry.npmjs.org/eslint-webpack-plugin set size:70934 disposed:false
475 http cache https://registry.npmjs.org/babel-loader 28ms (cache hit)
476 silly packumentCache corgi:https://registry.npmjs.org/babel-loader set size:112155 disposed:false
477 http cache https://registry.npmjs.org/cache-loader 28ms (cache hit)
478 silly packumentCache corgi:https://registry.npmjs.org/cache-loader set size:31216 disposed:false
479 http cache https://registry.npmjs.org/hard-source-webpack-plugin 29ms (cache hit)
480 silly packumentCache corgi:https://registry.npmjs.org/hard-source-webpack-plugin set size:230987 disposed:false
481 http cache https://registry.npmjs.org/style-resources-loader 30ms (cache hit)
482 silly packumentCache corgi:https://registry.npmjs.org/style-resources-loader set size:33917 disposed:false
483 http cache https://registry.npmjs.org/extract-css-chunks-webpack-plugin 31ms (cache hit)
484 silly packumentCache corgi:https://registry.npmjs.org/extract-css-chunks-webpack-plugin set size:243248 disposed:false
485 http cache https://registry.npmjs.org/time-fix-plugin 35ms (cache hit)
486 silly packumentCache corgi:https://registry.npmjs.org/time-fix-plugin set size:12232 disposed:false
487 http cache https://registry.npmjs.org/url-loader 35ms (cache hit)
488 silly packumentCache corgi:https://registry.npmjs.org/url-loader set size:42145 disposed:false
489 http cache https://registry.npmjs.org/html-webpack-plugin 37ms (cache hit)
490 silly packumentCache corgi:https://registry.npmjs.org/html-webpack-plugin set size:235743 disposed:false
491 http cache https://registry.npmjs.org/file-loader 38ms (cache hit)
492 silly packumentCache corgi:https://registry.npmjs.org/file-loader set size:64354 disposed:false
493 http cache https://registry.npmjs.org/terser-webpack-plugin 38ms (cache hit)
494 silly packumentCache corgi:https://registry.npmjs.org/terser-webpack-plugin set size:203483 disposed:false
495 http cache https://registry.npmjs.org/thread-loader 39ms (cache hit)
496 silly packumentCache corgi:https://registry.npmjs.org/thread-loader set size:52021 disposed:false
497 http cache https://registry.npmjs.org/webpackbar 39ms (cache hit)
498 silly packumentCache corgi:https://registry.npmjs.org/webpackbar set size:103499 disposed:false
499 silly packumentCache corgi:https://registry.npmjs.org/svgo cache-miss
500 http cache https://registry.npmjs.org/svgo 4ms (cache hit)
501 silly packumentCache corgi:https://registry.npmjs.org/svgo set size:133164 disposed:false
502 silly packumentCache corgi:https://registry.npmjs.org/inquirer cache-miss
503 http cache https://registry.npmjs.org/inquirer 9ms (cache hit)
504 silly packumentCache corgi:https://registry.npmjs.org/inquirer set size:255519 disposed:false
505 silly packumentCache corgi:https://registry.npmjs.org/watchpack cache-miss
506 http cache https://registry.npmjs.org/watchpack 5ms (cache hit)
507 silly packumentCache corgi:https://registry.npmjs.org/watchpack set size:77633 disposed:false
508 silly packumentCache corgi:https://registry.npmjs.org/node-libs-browser cache-miss
509 http cache https://registry.npmjs.org/node-libs-browser 3ms (cache hit)
510 silly packumentCache corgi:https://registry.npmjs.org/node-libs-browser set size:26936 disposed:false
511 silly ADD node_modules/xml-name-validator
512 silly ADD node_modules/eslint-plugin-nuxt
513 silly ADD node_modules/eslint-plugin-nuxt/node_modules/eslint-visitor-keys
514 silly ADD node_modules/eslint-plugin-nuxt/node_modules/vue-eslint-parser
515 silly ADD node_modules/eslint-plugin-nuxt/node_modules/semver
516 silly ADD node_modules/eslint-plugin-nuxt/node_modules/eslint-plugin-vue
517 silly ADD node_modules/fsevents
518 silly REMOVE node_modules/yaml
519 silly ADD node_modules/postcss-loader/node_modules/yaml
520 verbose cwd /Users/nryn6563/ThinkPool_Project/Nuxt_v2_Project
521 verbose os Darwin 25.2.0
522 verbose node v24.13.0
523 verbose npm  v11.6.2
524 verbose exit 0
525 info ok
